Freq (MHz),P1_TX1_P2_RX1 SCD21,P1_TX2_P2_RX2 SCD21,P1_TX3_P2_RX3 SCD21,P1_TX4_P2_RX4 SCD21,P2_TX1_P1_RX1 SCD21,P2_TX2_P1_RX2 SCD21,P2_TX3_P1_RX3 SCD21,P2_TX4_P1_RX4 SCD21
50.0,-63.161235,-62.99536,-65.348471,-63.486723,-67.071119,-62.540019,-67.210141,-62.63467
100.0,-62.297308,-60.008732,-63.39055,-58.915967,-62.809278,-64.484652,-60.881865,-60.442503
150.0,-60.694162,-58.559981,-64.509067,-57.593214,-59.8405,-64.560714,-60.75487,-58.873105
200.0,-61.369266,-58.48102,-61.767824,-57.047545,-57.287734,-70.25015,-58.854226,-58.057908
250.0,-61.037673,-56.222131,-61.869699,-55.712696,-57.237911,-68.080748,-60.859722,-57.939504
300.0,-61.384915,-55.23566,-60.570993,-52.221177,-55.758861,-63.997633,-58.118144,-58.217662
350.0,-56.420582,-51.970745,-59.832517,-51.973411,-52.73435,-65.765771,-53.883198,-52.396659
400.0,-56.923918,-52.966969,-59.464791,-50.668337,-51.00774,-67.718534,-52.778266,-52.609801
450.0,-59.426162,-50.614393,-60.899098,-48.471661,-50.947462,-64.28951,-57.243434,-54.502158
500.0,-58.786505,-48.019547,-63.063612,-47.017661,-50.164747,-60.817625,-51.469573,-50.752581
550.0,-54.988279,-48.53374,-62.479051,-47.690681,-47.969376,-75.992352,-48.18443,-48.377712
600.0,-56.174523,-47.748082,-60.021791,-45.972884,-46.513653,-66.099454,-49.404027,-49.897258
650.0,-57.247073,-45.765018,-73.432389,-44.706998,-46.985961,-66.491433,-50.768727,-49.234231
700.0,-56.390859,-45.597662,-70.442763,-44.045319,-45.939681,-88.095581,-47.045409,-46.969458
750.0,-52.646364,-45.588788,-59.925013,-43.153491,-45.249273,-71.380234,-45.926672,-45.816329
800.0,-54.205908,-44.897581,-61.248684,-42.443886,-45.418791,-65.457965,-47.834722,-45.946196
850.0,-56.008094,-44.346179,-76.628966,-42.268437,-44.908933,-65.502856,-47.000395,-45.248469
900.0,-54.520948,-44.062884,-64.872325,-41.879342,-44.393224,-58.289489,-45.790724,-44.335667
950.0,-50.658517,-43.568701,-58.208192,-41.315472,-43.518016,-53.461277,-46.86294,-45.168752
1000.0,-51.202976,-42.860586,-56.047023,-40.652405,-43.834739,-54.783331,-48.878354,-45.301549
1050.0,-54.966281,-42.161698,-62.028139,-40.562672,-42.797875,-62.089609,-45.244061,-44.000368
1100.0,-52.014947,-42.29741,-68.778725,-40.740506,-42.699152,-66.812594,-43.501796,-43.06724
1150.0,-48.544107,-43.368497,-55.372009,-40.522511,-43.581991,-56.887692,-44.996873,-43.001335
1200.0,-48.965316,-42.428457,-53.284973,-39.655865,-44.081004,-55.90491,-46.908805,-43.958799
1250.0,-53.227393,-41.052367,-57.47538,-39.267915,-42.178114,-62.978358,-43.611845,-43.07014
1300.0,-51.908121,-40.767513,-62.652758,-39.205862,-40.746527,-61.881452,-41.752497,-42.195681
1350.0,-47.796806,-42.050003,-52.646988,-38.945912,-41.188705,-53.554525,-43.551232,-42.539312
1400.0,-47.485928,-40.617192,-51.412252,-37.944015,-40.835869,-51.695018,-45.219208,-42.916978
1450.0,-51.475525,-38.871579,-56.722874,-37.971742,-39.413574,-52.485081,-41.762464,-41.520878
1500.0,-56.588403,-39.6323,-62.026867,-38.238786,-39.239746,-56.702343,-40.46406,-40.999575
1550.0,-50.051866,-40.80863,-52.882343,-37.543297,-40.938121,-54.597702,-43.123599,-41.319798
1600.0,-48.619815,-39.309212,-50.351363,-36.643583,-40.862571,-53.680641,-42.731236,-41.222937
1650.0,-51.883426,-38.084404,-54.137596,-36.327978,-38.793759,-55.097962,-39.780396,-40.376133
1700.0,-53.170943,-39.020119,-65.339186,-36.678607,-38.240224,-52.73998,-39.397885,-40.142604
1750.0,-47.77704,-40.369089,-56.951473,-36.316949,-39.683544,-51.647447,-41.139885,-40.208881
1800.0,-46.577807,-38.55774,-53.835547,-35.29136,-39.898699,-55.374852,-41.028409,-39.725934
1850.0,-48.876697,-37.665607,-54.713366,-35.532795,-37.966792,-59.878869,-39.795745,-39.042808
1900.0,-50.239086,-38.446759,-60.429493,-35.937854,-37.207212,-55.305562,-39.533297,-38.654436
1950.0,-47.889208,-39.341517,-60.274207,-35.431804,-37.962494,-53.811639,-40.229633,-38.70713
2000.0,-47.716666,-38.225727,-57.394414,-34.198424,-38.025871,-59.596321,-40.424237,-39.077411
2050.0,-50.225887,-37.156928,-57.988825,-33.78768,-36.911406,-68.731919,-39.149485,-38.362127
2100.0,-48.26694,-37.387116,-62.098923,-34.529175,-36.480482,-56.628512,-38.226259,-38.025776
2150.0,-45.70901,-38.150713,-60.653538,-34.81321,-36.937465,-54.924543,-38.708329,-38.16414
2200.0,-46.074946,-37.270563,-60.33829,-33.760663,-36.905411,-58.472279,-39.142145,-37.877817
2250.0,-48.739486,-36.361261,-59.249466,-33.546921,-35.880488,-57.464645,-38.130653,-37.111784
2300.0,-50.18862,-36.613149,-54.021886,-34.59274,-35.509893,-52.711187,-37.534834,-36.855945
2350.0,-48.644167,-37.38817,-52.161812,-34.775595,-35.792793,-51.257236,-37.67658,-37.002578
2400.0,-47.794815,-36.780323,-52.610384,-34.581356,-35.721582,-56.961368,-38.184201,-37.300476
2450.0,-48.20534,-35.562605,-58.996723,-34.676135,-35.110062,-53.402238,-38.322294,-37.514474
2500.0,-49.619369,-35.684756,-55.474885,-35.204567,-34.913353,-50.987154,-37.955951,-36.977753
2550.0,-48.778826,-36.480334,-53.008799,-35.443463,-35.041231,-51.427116,-37.58877,-36.618633
2600.0,-47.286716,-36.349159,-52.893762,-35.234393,-34.999935,-56.554893,-38.063246,-36.939874
2650.0,-47.565164,-35.910918,-59.450519,-34.421882,-34.860283,-53.362069,-38.471235,-36.681836
2700.0,-47.307356,-36.258354,-56.537744,-34.49677,-34.684229,-49.674052,-37.743454,-36.009928
2750.0,-45.720258,-36.827409,-50.461121,-35.472424,-34.534784,-48.582043,-37.208228,-36.128009
2800.0,-45.940665,-35.797891,-50.061332,-34.791874,-34.244808,-51.121935,-37.531429,-36.53526
2850.0,-48.827358,-35.010938,-54.769187,-33.78094,-33.751257,-52.112406,-37.311738,-36.22332
2900.0,-49.619844,-35.354253,-59.83811,-34.309842,-33.450345,-51.75075,-36.653868,-35.645537
2950.0,-48.473677,-36.055528,-52.294901,-35.53485,-33.0711,-51.033737,-36.344775,-35.356991
3000.0,-47.529645,-35.2189,-50.899474,-35.129865,-33.160214,-56.487198,-37.443838,-35.987626
3050.0,-47.34471,-33.842233,-51.87982,-34.291143,-33.496848,-60.392181,-38.311114,-37.181457
3100.0,-45.658668,-34.433367,-51.550165,-34.681592,-33.734502,-49.954126,-37.448596,-37.093697
3150.0,-44.316948,-35.796681,-50.035677,-35.925211,-33.677924,-46.542452,-36.607535,-35.894066
3200.0,-44.577353,-35.411604,-49.213229,-35.269354,-33.335239,-49.918679,-36.836189,-35.00382
3250.0,-45.890279,-34.325443,-50.935741,-34.242808,-33.32109,-54.521018,-38.112426,-35.613545
3300.0,-45.4962,-34.563603,-49.194081,-34.411486,-33.95506,-49.412603,-37.1017,-36.712279
3350.0,-44.164485,-35.554427,-47.972597,-35.062725,-34.291945,-47.522309,-35.318215,-35.763472
3400.0,-43.862733,-35.508664,-47.780253,-34.527712,-33.628267,-50.983258,-35.218,-34.982802
3450.0,-45.865695,-34.336035,-47.969374,-33.376392,-33.31841,-55.588673,-36.88434,-35.797879
3500.0,-48.17755,-33.822739,-48.600349,-33.728052,-33.907406,-48.796187,-36.070706,-35.594611
3550.0,-46.39299,-34.307992,-50.922363,-35.074042,-34.15957,-46.078405,-34.056652,-34.217927
3600.0,-44.445789,-34.790963,-50.031938,-34.604573,-33.656201,-46.756759,-34.507604,-34.341161
3650.0,-44.984608,-34.114087,-45.982321,-32.932403,-32.936252,-51.574013,-36.425876,-35.872503
3700.0,-46.630859,-33.591158,-44.009535,-33.513658,-33.085456,-59.218104,-35.053723,-35.375944
3750.0,-45.623905,-34.215947,-45.645685,-35.04381,-33.491078,-52.43852,-33.25782,-34.39379
3800.0,-43.484633,-34.926313,-50.106441,-34.434224,-33.485717,-50.350364,-33.408503,-34.217179
3850.0,-43.847066,-34.00971,-46.301653,-32.879116,-32.770161,-52.092245,-35.695767,-34.937055
3900.0,-46.068112,-33.591504,-42.95592,-33.072484,-32.829091,-54.39015,-35.362785,-35.234854
3950.0,-44.415959,-34.341674,-44.170319,-34.341504,-33.622942,-54.060936,-33.295255,-34.379181
4000.0,-42.085933,-34.751011,-49.964208,-34.529007,-32.881057,-50.528311,-32.986366,-33.687399
4050.0,-41.323595,-34.211438,-47.785424,-32.929862,-32.10316,-50.640415,-34.662675,-34.546662
4100.0,-41.27474,-33.71727,-42.375781,-32.566245,-32.766683,-53.404715,-34.543523,-35.455603
4150.0,-41.47839,-33.253599,-42.906704,-33.479639,-33.304671,-65.368202,-32.397368,-34.050261
4200.0,-41.386235,-33.025808,-47.329424,-34.232809,-32.192042,-60.412465,-32.263093,-33.359786
4250.0,-40.116091,-33.304028,-47.762725,-32.497642,-31.564217,-53.66464,-34.197988,-34.108396
4300.0,-39.426166,-33.572163,-41.682151,-32.0974,-32.381046,-53.694093,-33.86954,-34.656558
4350.0,-39.569661,-32.705337,-41.379458,-33.631223,-32.740359,-59.973215,-31.767147,-34.213552
4400.0,-39.611951,-32.348517,-45.331562,-34.480178,-31.784381,-57.294705,-31.621865,-33.698559
4450.0,-39.142671,-33.491878,-57.918272,-32.626274,-31.062019,-51.688489,-33.532605,-33.439477
4500.0,-38.311536,-33.491038,-44.14067,-32.314561,-31.739838,-54.500324,-33.856614,-34.106068
4550.0,-38.765781,-31.988157,-43.443487,-33.252197,-32.172708,-56.694714,-32.584919,-34.387001
4600.0,-40.335395,-32.214012,-49.408401,-33.177768,-30.942494,-49.380421,-32.589562,-33.853581
4650.0,-39.664694,-33.808248,-50.702551,-32.233337,-30.09819,-46.547118,-33.718654,-33.22508
4700.0,-37.866303,-33.135751,-43.436341,-31.47989,-30.904687,-49.002372,-33.954434,-33.755294
4750.0,-38.430236,-31.580516,-44.258583,-31.684693,-31.588628,-54.155007,-32.939868,-34.267831
4800.0,-41.53581,-31.740681,-50.652096,-32.377447,-30.415479,-49.36346,-32.452726,-33.550046
4850.0,-40.50254,-32.826686,-49.001951,-32.1674,-29.768775,-47.319912,-32.933615,-32.846384
4900.0,-37.841249,-32.78564,-44.013941,-31.634887,-30.626388,-50.120155,-33.335238,-33.023561
4950.0,-38.454581,-31.634393,-45.624298,-32.28916,-30.990312,-53.604835,-32.551113,-33.774327
5000.0,-40.688749,-31.391323,-55.438284,-32.740405,-29.783358,-48.85538,-32.205897,-33.490672
5050.0,-40.245311,-32.418782,-45.783705,-32.08587,-29.176751,-46.463815,-32.94358,-32.43333
5100.0,-37.866675,-32.22389,-41.838283,-31.804841,-29.900613,-52.495998,-32.973412,-32.659313
5150.0,-38.070687,-30.884069,-43.979665,-32.431145,-30.274284,-48.291316,-32.657466,-33.552732
5200.0,-41.576007,-30.957519,-50.649168,-31.913952,-29.443623,-43.341924,-33.069595,-33.30745
5250.0,-41.757409,-32.316509,-45.985304,-31.644505,-28.84997,-43.082043,-32.999301,-32.150106
5300.0,-38.82079,-32.28683,-42.237258,-31.855498,-29.056903,-45.17693,-32.752398,-32.247141
5350.0,-39.19799,-31.062292,-43.779889,-31.417884,-29.52385,-43.788511,-33.527762,-33.522293
5400.0,-43.588688,-31.503382,-47.777828,-30.98554,-29.362092,-42.502884,-33.685794,-33.566989
5450.0,-44.13798,-32.79769,-44.28802,-31.213613,-28.836457,-43.908891,-33.017378,-32.353051
5500.0,-39.941082,-32.133736,-42.525956,-31.097172,-28.704382,-43.280531,-33.382629,-32.344916
5550.0,-40.694559,-31.723551,-45.476264,-31.021924,-29.343205,-42.271248,-34.213541,-33.819895
5600.0,-46.912411,-32.389767,-48.073507,-31.001812,-29.222555,-43.308094,-33.785956,-34.115167
5650.0,-45.433268,-32.884835,-43.318326,-30.851031,-28.303476,-45.469565,-32.947202,-32.893665
5700.0,-40.040479,-32.583768,-42.280271,-30.743902,-28.190743,-45.273883,-33.146616,-32.914532
5750.0,-41.929229,-32.537939,-43.709104,-30.95503,-28.888509,-44.306674,-33.882986,-34.142208
5800.0,-54.889013,-32.474798,-45.152849,-30.865313,-29.041976,-45.328828,-33.991291,-34.157543
5850.0,-46.444781,-32.285016,-42.847745,-30.357387,-28.318109,-45.884416,-33.020569,-33.173276
5900.0,-41.847838,-32.521816,-40.751913,-30.20756,-27.697994,-44.698241,-32.968424,-33.006607
5950.0,-45.58195,-32.100547,-40.623345,-30.500581,-28.128276,-43.983215,-34.338486,-33.695118
6000.0,-62.931822,-31.490632,-42.907398,-30.75802,-28.661869,-44.862235,-34.241719,-34.497382
6050.0,-45.037283,-31.701013,-44.026346,-30.752656,-28.52638,-45.076028,-32.721233,-34.303168
6100.0,-42.70385,-31.914465,-41.013553,-30.280536,-27.533864,-44.019965,-33.049821,-33.342267
6150.0,-47.657275,-31.436483,-40.12167,-30.026251,-27.618779,-43.011376,-34.85784,-33.562751
6200.0,-57.478936,-31.240675,-42.859799,-30.71243,-28.608221,-43.392633,-34.701826,-34.9228
6250.0,-43.968672,-31.538852,-44.957486,-31.105574,-28.404022,-45.341569,-33.368437,-35.083228
6300.0,-40.842035,-31.332091,-42.075124,-30.443428,-26.996527,-44.201974,-33.476122,-33.661494
6350.0,-44.901508,-30.905204,-41.442414,-30.055771,-27.239272,-42.920423,-34.490287,-33.786723
6400.0,-64.470023,-30.922513,-43.823558,-31.182327,-28.435748,-45.420011,-34.66324,-35.808098
6450.0,-43.57555,-31.103171,-45.675661,-31.998439,-28.421374,-49.803739,-34.108302,-35.708019
6500.0,-40.008612,-31.331035,-43.911923,-30.690466,-26.90405,-44.819872,-33.886723,-33.216678
6550.0,-44.486385,-31.113694,-45.176296,-30.19844,-26.830834,-44.88594,-34.206987,-32.557887
6600.0,-60.814357,-30.315649,-43.964928,-31.496824,-27.961907,-54.09449,-34.649125,-34.346099
6650.0,-42.511578,-29.809007,-44.317342,-31.829447,-28.518664,-52.608677,-34.181502,-35.224501
6700.0,-39.365216,-29.891503,-45.746311,-30.049894,-27.177269,-47.130148,-33.413011,-32.612623
6750.0,-44.806907,-30.150883,-44.559183,-29.679423,-26.630865,-48.412679,-33.939074,-31.351239
6800.0,-53.421561,-29.745712,-41.812241,-31.07219,-27.867601,-55.70326,-35.102539,-33.367921
6850.0,-40.805745,-29.542272,-43.139997,-31.714711,-28.874458,-50.45732,-34.88925,-35.774177
6900.0,-38.024466,-29.856264,-47.359859,-30.427465,-27.294303,-46.698552,-33.835879,-33.358224
6950.0,-41.604788,-29.631203,-45.370703,-29.560093,-26.416606,-48.148537,-33.70331,-31.467024
7000.0,-50.983645,-29.444264,-42.519243,-30.663445,-27.778909,-56.590644,-35.033254,-33.712513
7050.0,-42.117625,-29.76461,-44.75538,-31.475947,-28.922077,-55.348638,-34.991292,-36.034087
7100.0,-38.040251,-30.066122,-52.407164,-30.492729,-27.596776,-48.696234,-33.342459,-33.302752
7150.0,-40.038519,-29.72933,-46.823241,-29.640469,-26.623386,-50.421078,-32.776876,-31.178066
7200.0,-46.764092,-29.71701,-44.151915,-30.643951,-27.634333,-53.843558,-34.071624,-32.693831
7250.0,-42.140239,-30.011423,-46.465829,-31.527638,-28.542896,-46.677185,-34.713144,-35.166896
7300.0,-38.071126,-29.932723,-60.823209,-30.294926,-27.894784,-44.571302,-33.622472,-34.137886
7350.0,-38.455574,-29.818038,-44.326826,-29.510365,-26.595778,-49.573149,-32.310932,-31.837736
7400.0,-44.691796,-29.812947,-41.761921,-29.963581,-27.016245,-49.650506,-33.542428,-32.706681
7450.0,-43.209789,-29.803386,-44.865011,-30.398734,-28.519929,-42.980105,-35.578014,-34.214472
7500.0,-38.7538,-30.030553,-48.024729,-30.185918,-28.630123,-41.340112,-34.655492,-33.317461
7550.0,-38.096896,-29.888352,-43.347262,-29.458312,-26.967597,-43.35501,-32.078107,-31.659658
7600.0,-41.419646,-29.476701,-40.860902,-29.393141,-27.129022,-46.333039,-33.408996,-32.277757
7650.0,-43.662776,-29.568086,-43.511565,-29.814521,-28.915317,-41.857333,-36.067662,-33.075878
7700.0,-39.444824,-29.906289,-45.791831,-29.911813,-28.909774,-39.621447,-34.276739,-32.677271
7750.0,-37.244534,-30.031042,-41.987437,-29.212584,-27.406026,-40.024873,-32.085602,-31.535982
7800.0,-39.371185,-29.598897,-40.239245,-29.022875,-27.298817,-43.666944,-33.366559,-31.332543
7850.0,-43.687955,-29.846222,-41.807843,-29.492934,-28.867087,-41.548503,-35.026156,-32.32107
7900.0,-41.939601,-30.2411,-43.331819,-29.786212,-29.419358,-38.452572,-33.390865,-32.889819
7950.0,-37.914285,-30.354788,-41.756123,-29.58761,-28.059939,-38.424395,-31.352049,-32.232001
8000.0,-38.808242,-30.067288,-40.923861,-28.842026,-27.231577,-43.423826,-31.866145,-31.473786
8050.0,-44.377673,-30.363196,-42.03938,-29.261057,-28.601067,-42.04837,-33.893515,-32.19663
8100.0,-44.024542,-30.700507,-41.563042,-29.963592,-29.71771,-38.667917,-33.742907,-32.998721
8150.0,-38.479432,-30.48583,-40.509389,-29.909039,-28.125595,-37.939314,-31.626066,-33.011346
8200.0,-38.575968,-30.066002,-40.783124,-28.935259,-26.915377,-41.073265,-31.475345,-32.148348
8250.0,-45.071163,-30.445214,-40.223811,-29.780294,-28.850904,-41.750046,-33.644584,-32.651639
8300.0,-45.153686,-30.940254,-39.732311,-31.17023,-30.017449,-39.542212,-33.655704,-33.857933
8350.0,-39.299958,-30.8417,-41.039701,-30.558068,-28.188896,-38.282347,-31.778541,-34.24474
8400.0,-38.444668,-30.095717,-41.903032,-29.497441,-26.705094,-38.226191,-30.819707,-33.285504
8450.0,-44.286065,-30.365439,-39.423784,-30.218533,-28.270312,-39.052312,-32.527363,-34.06766
8500.0,-46.195564,-31.268196,-39.473449,-31.102816,-29.390963,-39.614326,-32.894842,-35.571747
8550.0,-40.443913,-30.89517,-41.117008,-30.589449,-28.274559,-38.90061,-31.192276,-37.170324
8600.0,-37.642938,-29.522213,-41.951745,-29.436634,-26.701385,-37.584797,-30.0167,-38.006939
8650.0,-40.774334,-29.852316,-40.775177,-29.843742,-27.415416,-38.845004,-31.305838,-37.501829
8700.0,-48.14509,-30.702185,-40.134754,-30.887239,-28.815023,-40.558902,-32.463742,-36.872705
8750.0,-43.626015,-30.139857,-41.030932,-31.016054,-28.459006,-39.865765,-31.999459,-38.643557
8800.0,-39.131307,-29.098173,-42.691889,-29.673772,-26.720726,-37.676354,-30.315283,-38.209055
8850.0,-42.814163,-29.061003,-41.291196,-29.56734,-26.650637,-37.368674,-30.357449,-34.802377
8900.0,-51.974709,-29.788559,-40.165141,-31.464015,-28.353216,-39.456882,-32.253112,-34.959396
8950.0,-44.812005,-30.411539,-41.246092,-33.008718,-28.706563,-40.330524,-32.774375,-37.183498
9000.0,-39.14931,-29.724091,-43.115395,-31.389883,-26.868161,-37.051913,-30.580286,-35.602038
9050.0,-40.407354,-29.175029,-43.647192,-30.533643,-26.413822,-36.132729,-29.635492,-33.141524
9100.0,-45.635315,-30.132919,-40.40969,-32.907854,-27.823679,-38.888621,-32.327344,-33.492604
9150.0,-47.218265,-31.022668,-40.429189,-36.420791,-28.087327,-42.722047,-33.432262,-35.166617
9200.0,-39.895191,-31.208698,-42.246122,-36.071703,-26.473272,-40.109315,-31.220205,-35.495077
9250.0,-40.318569,-29.99943,-50.005337,-32.953716,-25.483514,-36.999172,-29.654153,-32.862199
9300.0,-48.970788,-30.321267,-42.729861,-34.820604,-26.198516,-41.102535,-32.291422,-31.661126
9350.0,-51.256752,-31.487526,-40.998754,-43.31196,-26.731211,-43.685793,-33.590801,-33.536441
9400.0,-42.773554,-32.016327,-40.895653,-39.52319,-26.333174,-40.558642,-31.791827,-35.730604
9450.0,-42.691161,-30.797209,-45.832498,-32.361228,-25.171648,-36.42406,-29.429573,-32.69351
9500.0,-55.816955,-29.936822,-49.370433,-34.505459,-24.912588,-39.277472,-31.097108,-30.773758
9550.0,-53.122519,-31.512745,-44.123661,-45.315182,-25.797746,-43.479912,-32.935807,-33.274606
9600.0,-43.116473,-32.83467,-41.882957,-36.758111,-26.287925,-43.041208,-32.241689,-35.254772
9650.0,-42.699536,-31.710556,-41.38473,-30.377114,-25.035336,-37.396725,-29.149478,-32.25715
9700.0,-50.973171,-29.744295,-49.559776,-32.775397,-23.959424,-38.695436,-29.600367,-30.455371
9750.0,-47.547805,-32.053581,-52.13665,-42.378528,-24.987272,-44.082428,-32.341112,-32.270938
9800.0,-42.068606,-34.153977,-43.868132,-35.473557,-26.201938,-43.927946,-32.927702,-33.792175
9850.0,-39.800319,-33.586473,-39.991525,-29.693324,-25.407948,-38.64793,-29.969444,-32.612608
9900.0,-44.217319,-29.85759,-43.77836,-30.341268,-23.680896,-38.760488,-29.04349,-29.756768
9950.0,-45.055961,-31.731318,-57.699758,-36.886001,-24.207225,-43.59449,-31.854388,-30.278059
10000.0,-40.960191,-33.928544,-43.69774,-34.698238,-25.79312,-40.621618,-33.543369,-33.141015
10050.0,-36.828531,-34.065617,-39.012727,-29.950233,-26.387056,-35.832626,-31.176973,-34.48016
10100.0,-36.698995,-29.986153,-39.96939,-28.398772,-24.793829,-35.125282,-28.648223,-30.224859
10150.0,-41.555978,-30.890625,-49.676189,-33.850819,-24.113132,-37.698195,-30.324383,-29.509113
10200.0,-41.079101,-33.412069,-44.176164,-35.921263,-26.044759,-36.998438,-33.472789,-33.488259
10250.0,-36.795817,-35.10675,-39.243849,-31.473738,-27.575997,-34.94392,-32.99832,-36.195854
10300.0,-34.005488,-31.638973,-37.919558,-28.138787,-26.11224,-34.238706,-28.929758,-31.64138
10350.0,-37.332061,-31.014653,-41.344735,-33.127582,-23.833242,-35.556681,-29.128597,-29.565891
10400.0,-42.478186,-33.689952,-44.265253,-37.041443,-26.04185,-35.581066,-32.864057,-33.284201
10450.0,-36.781468,-36.847102,-41.948555,-32.289435,-28.090242,-34.917595,-34.65333,-36.05719
10500.0,-33.928254,-34.952224,-38.926899,-28.297395,-26.967002,-33.606813,-30.025021,-33.04344
10550.0,-35.367693,-32.143879,-39.116468,-31.462436,-24.023671,-34.071439,-28.425262,-29.522648
10600.0,-43.77279,-34.393296,-44.923372,-35.080338,-26.028625,-34.716903,-32.386938,-31.93025
10650.0,-39.269291,-37.201958,-44.710713,-32.450974,-28.102458,-34.021615,-36.17768,-35.100152
10700.0,-34.220697,-35.606875,-39.673866,-28.742943,-27.414253,-33.137977,-32.856847,-34.095412
10750.0,-33.828478,-31.72213,-38.229472,-29.732787,-24.021165,-33.790322,-28.902556,-29.428136
10800.0,-43.311672,-33.540364,-45.120495,-33.275953,-24.950518,-33.714081,-31.803376,-30.841192
10850.0,-39.121723,-36.160543,-46.852344,-33.309089,-27.270985,-32.828361,-35.902133,-34.776589
10900.0,-33.974274,-37.308035,-40.490872,-29.786934,-27.95528,-32.636877,-34.73599,-35.613865
10950.0,-32.925991,-33.046419,-37.840695,-29.178229,-24.884647,-33.05539,-29.424302,-30.807481
11000.0,-40.135893,-33.564185,-42.306535,-32.945332,-24.762881,-32.744396,-30.649405,-31.092771
11050.0,-37.790698,-36.61111,-50.899785,-33.515572,-27.434102,-32.749,-35.222711,-34.137359
11100.0,-33.137092,-38.738061,-43.293082,-29.801757,-28.403078,-32.429544,-35.642006,-35.019901
11150.0,-30.631425,-34.702055,-37.845601,-28.811175,-25.395185,-32.309972,-29.921568,-32.100006
11200.0,-34.185135,-34.400393,-39.754542,-31.44424,-24.699311,-32.289863,-29.827851,-30.98034
11250.0,-37.316042,-36.945295,-54.940086,-31.36585,-27.135288,-32.162158,-34.499092,-32.699904
11300.0,-33.136706,-37.63059,-42.972608,-29.387349,-28.107494,-31.851133,-37.518541,-34.507965
11350.0,-30.060083,-35.280681,-36.941396,-28.629202,-25.785703,-32.299141,-32.354582,-33.65258
11400.0,-32.240276,-33.598026,-37.934526,-29.656896,-24.743212,-32.679456,-30.314145,-31.311265
11450.0,-36.373909,-34.955732,-47.87046,-30.205552,-26.423509,-32.471742,-34.143244,-32.474337
11500.0,-33.430185,-36.473858,-41.006349,-29.706037,-27.209816,-32.718692,-37.565227,-34.757777
11550.0,-30.207165,-35.263474,-36.109228,-28.664912,-25.759372,-33.029562,-32.811177,-33.737156
11600.0,-30.807012,-33.369481,-35.618042,-28.886664,-24.505024,-32.351902,-30.051877,-32.019194
11650.0,-34.222881,-33.82474,-40.204545,-29.676786,-25.655153,-32.593186,-32.826796,-32.604111
11700.0,-33.257575,-35.906113,-39.560471,-29.391937,-26.520869,-33.628346,-35.738972,-33.535101
11750.0,-30.696651,-36.259983,-35.664285,-28.519201,-25.640086,-33.941087,-33.600783,-33.290038
11800.0,-30.059884,-34.403398,-33.696724,-28.251748,-24.693032,-33.10407,-30.834179,-32.440966
11850.0,-32.128639,-33.864985,-36.813234,-28.937313,-25.435612,-32.747793,-31.871387,-31.839921
11900.0,-32.762792,-35.427161,-38.962843,-29.087065,-26.242821,-33.825038,-34.131156,-32.595254
11950.0,-31.233887,-35.512404,-35.705776,-28.567942,-25.605904,-34.469315,-33.579986,-33.529974
12000.0,-30.471213,-33.549948,-33.560255,-27.927914,-24.573588,-33.380911,-30.966266,-32.255323
12050.0,-31.60101,-33.103458,-35.222937,-28.238133,-24.689436,-32.945391,-31.016364,-30.953561
12100.0,-32.703341,-34.235847,-36.722914,-29.221897,-25.407306,-35.296774,-33.468588,-32.128137
12150.0,-32.108529,-34.600161,-35.179488,-29.146369,-25.283921,-37.224948,-33.989297,-33.449004
12200.0,-31.277911,-33.658421,-34.027132,-28.351691,-24.568024,-35.334361,-31.391164,-32.5303
12250.0,-30.998569,-32.378382,-34.044965,-28.259084,-24.443082,-33.606852,-30.216119,-31.28661
12300.0,-31.835418,-32.981657,-35.231961,-29.41658,-24.942432,-36.27708,-32.123671,-31.455842
12350.0,-32.442255,-34.373251,-35.939087,-29.916965,-25.091704,-38.266092,-34.103456,-32.273509
12400.0,-31.929651,-34.488342,-35.022918,-28.707088,-24.684354,-35.480142,-32.576284,-32.502792
12450.0,-31.031126,-32.705214,-33.556484,-27.926091,-24.314562,-33.84579,-30.424112,-31.228371
12500.0,-31.441382,-32.599878,-34.690132,-29.198765,-24.45314,-36.386852,-31.586592,-30.888888
12550.0,-32.508077,-34.15915,-36.302471,-29.667304,-24.769531,-38.681185,-34.340396,-31.964477
12600.0,-32.771892,-34.059341,-35.821471,-28.489593,-24.664699,-35.646386,-34.139831,-32.392795
12650.0,-32.240547,-32.660393,-34.473368,-27.724538,-24.153523,-33.607011,-31.394659,-31.198893
12700.0,-32.016291,-32.243409,-34.848887,-28.637678,-24.099255,-35.60249,-31.886868,-31.074066
12750.0,-32.829023,-33.394491,-36.065642,-29.221152,-24.545488,-37.538198,-34.590552,-31.970644
12800.0,-33.791522,-33.725921,-36.052708,-28.557222,-24.701911,-35.234874,-34.424468,-32.230064
12850.0,-33.35134,-33.009853,-35.018841,-27.876987,-24.257703,-33.81609,-31.740992,-31.822002
12900.0,-32.433892,-31.893512,-34.711664,-28.180746,-23.860339,-35.153937,-31.680488,-31.444894
12950.0,-33.139305,-32.358072,-35.937661,-28.825262,-24.145787,-36.738189,-33.576409,-31.346822
13000.0,-34.281699,-33.373106,-36.609293,-28.697876,-24.633897,-35.84427,-32.776273,-31.83982
13050.0,-34.137173,-33.009863,-35.443065,-28.096525,-24.59538,-34.445749,-30.849654,-32.165937
13100.0,-33.356285,-31.618544,-34.652713,-27.806287,-23.884779,-34.654258,-30.374685,-31.598793
13150.0,-33.533975,-31.557987,-35.592365,-28.397464,-23.766395,-35.957229,-31.718244,-30.787715
13200.0,-34.760227,-32.749922,-36.806909,-29.007935,-24.472185,-35.033788,-31.907971,-31.198785
13250.0,-35.038722,-33.1265,-36.955772,-28.531234,-24.707893,-34.067602,-30.897354,-32.024699
13300.0,-34.361952,-32.133946,-36.14588,-27.732574,-23.952004,-34.634561,-30.09031,-31.020283
13350.0,-34.062434,-31.212179,-36.124597,-28.400674,-23.553565,-34.960316,-30.723247,-30.044959
13400.0,-35.068284,-32.069302,-37.546249,-29.461032,-24.242649,-34.10108,-31.478415,-31.145019
13450.0,-35.7807,-33.390846,-39.044336,-28.916417,-24.569634,-34.111267,-30.815471,-31.954427
13500.0,-34.593742,-32.836803,-38.231823,-27.834175,-24.017269,-34.478778,-29.959749,-31.200515
13550.0,-33.723778,-30.983184,-36.906553,-28.396371,-23.469754,-34.097209,-29.891875,-30.300101
13600.0,-34.719466,-31.516986,-38.858924,-29.686125,-23.859982,-33.926068,-30.624406,-30.816532
13650.0,-35.338622,-33.716364,-40.433275,-29.092143,-24.33509,-34.408955,-30.789457,-31.748736
13700.0,-34.218045,-34.010591,-38.676796,-28.018601,-24.090473,-34.91308,-29.91668,-31.119333
13750.0,-33.332988,-31.390699,-36.550885,-28.310032,-23.553526,-34.885916,-29.482036,-29.715644
13800.0,-33.885584,-31.456908,-37.839418,-29.410936,-23.665895,-34.481284,-29.789298,-29.906541
13850.0,-34.44369,-34.18701,-38.969438,-29.390722,-24.225733,-34.699717,-30.643584,-31.378698
13900.0,-33.69395,-34.793888,-37.426274,-28.515406,-24.351195,-35.678657,-30.93974,-30.890586
13950.0,-32.667131,-31.699709,-35.636934,-28.531885,-23.878001,-35.930799,-30.043943,-28.977863
14000.0,-32.71907,-31.698254,-36.099471,-29.347513,-23.684902,-34.296235,-29.423015,-29.184162
14050.0,-33.436994,-34.454948,-37.648293,-29.526208,-24.036794,-34.394851,-30.626399,-30.416388
14100.0,-33.120929,-35.377919,-37.3407,-28.950064,-24.41507,-36.011482,-32.324731,-29.770705
14150.0,-32.562419,-33.030596,-36.593865,-28.309972,-24.568777,-36.864754,-30.956115,-28.798031
14200.0,-32.60735,-32.786697,-36.896645,-28.393151,-24.157451,-34.528511,-29.366464,-28.800092
14250.0,-32.683706,-35.264411,-39.554801,-28.539772,-23.950708,-34.36676,-31.1472,-29.031642
14300.0,-32.512348,-36.599185,-39.51306,-28.371,-24.692585,-35.855415,-34.13943,-29.052882
14350.0,-32.404992,-34.966497,-36.984768,-27.873288,-25.175355,-37.058932,-32.605105,-28.858529
14400.0,-32.278844,-34.204016,-36.296689,-27.66482,-24.550859,-35.490328,-29.753126,-28.200237
14450.0,-32.184015,-35.857693,-39.679094,-27.839883,-24.062197,-34.474105,-31.226726,-28.105722
14500.0,-32.664383,-36.927205,-41.42026,-28.009739,-25.015807,-34.887185,-34.976572,-28.678019
14550.0,-32.822229,-35.478234,-38.300732,-27.903671,-25.712858,-36.615444,-33.545306,-29.092077
14600.0,-32.548259,-34.608424,-36.708509,-27.447809,-25.09948,-36.448804,-30.068803,-28.843004
14650.0,-32.417163,-35.252202,-39.137716,-27.299327,-24.301021,-34.789045,-31.120096,-28.444164
14700.0,-33.035586,-35.75489,-40.760434,-27.903763,-24.883087,-34.908753,-35.529268,-28.82745
14750.0,-33.396394,-35.710038,-37.860727,-28.200604,-25.804637,-37.002542,-35.303903,-29.731226
14800.0,-32.898231,-35.047139,-36.059336,-27.456866,-25.515319,-37.666933,-30.802294,-29.962371
14850.0,-32.697825,-34.651692,-38.166075,-27.020023,-24.45275,-35.645261,-31.285383,-29.122958
14900.0,-33.40226,-34.757459,-39.894072,-27.530856,-24.72638,-35.170872,-36.16581,-28.848407
14950.0,-33.736402,-35.322851,-37.536034,-28.241323,-25.77038,-35.892902,-35.767734,-29.663232
15000.0,-33.193979,-35.689915,-36.102928,-28.015291,-25.659967,-37.256629,-31.002289,-30.540778
15050.0,-32.891563,-34.623562,-37.094392,-27.148987,-24.565767,-37.280158,-31.12196,-30.062779
15100.0,-33.719623,-33.738198,-38.416181,-27.597609,-24.608034,-35.733885,-35.110714,-29.023619
15150.0,-34.063028,-34.477609,-37.161033,-29.020178,-25.41107,-35.36886,-35.337788,-30.005785
15200.0,-33.436981,-35.406441,-35.446951,-29.096725,-25.645814,-37.57584,-31.190464,-31.758547
15250.0,-32.717405,-34.228801,-35.852972,-27.476344,-24.964344,-40.996068,-30.733419,-31.004725
15300.0,-33.872219,-33.1584,-37.189691,-27.915468,-24.730699,-37.715006,-33.164166,-29.245034
15350.0,-34.543565,-33.960975,-35.899433,-29.789128,-25.123046,-36.306432,-33.828826,-30.288528
15400.0,-33.18368,-35.042386,-34.371357,-29.593721,-25.422164,-38.659813,-31.304772,-31.86935
15450.0,-32.474898,-34.444284,-34.458592,-27.559566,-25.100817,-43.190683,-30.612847,-31.230792
15500.0,-33.618111,-33.150947,-34.875688,-27.811021,-24.792785,-38.850863,-31.852923,-30.029913
15550.0,-34.188398,-33.219005,-34.321121,-29.572314,-24.825051,-36.706754,-32.382219,-30.733233
15600.0,-33.195676,-35.334584,-33.959846,-29.816794,-25.001938,-38.044984,-31.408472,-31.959124
15650.0,-32.720398,-35.563057,-33.705846,-28.026183,-25.167304,-41.583388,-30.688291,-31.787555
15700.0,-33.382236,-33.898762,-33.453762,-27.778844,-25.048883,-39.810815,-30.9055,-30.785808
15750.0,-33.752513,-33.771861,-33.875963,-29.355904,-24.815379,-36.735518,-31.676467,-30.793691
15800.0,-33.136468,-35.701197,-34.208363,-30.134911,-24.89676,-37.219933,-31.817133,-31.656913
15850.0,-32.587919,-36.173879,-33.604059,-28.601465,-25.252577,-41.117162,-31.150907,-32.25218
15900.0,-33.31096,-34.067591,-33.223021,-27.921652,-25.403208,-43.079207,-30.934931,-31.604611
15950.0,-33.746204,-33.39145,-33.491796,-29.261084,-25.16646,-38.118416,-31.495353,-31.468858
16000.0,-32.87315,-35.088834,-34.007107,-29.990176,-25.267875,-38.480223,-31.571778,-32.122463
16050.0,-33.033593,-35.956733,-33.93201,-28.575367,-25.432918,-43.603322,-31.226431,-32.404297
16100.0,-33.859063,-34.250887,-33.537502,-28.147116,-25.660972,-44.849671,-31.333624,-32.382512
16150.0,-33.806434,-32.928279,-33.553365,-29.007417,-25.74661,-40.027403,-31.539121,-32.15879
16200.0,-33.343741,-34.213148,-34.266683,-29.083019,-25.674255,-40.834804,-31.147918,-32.007658
16250.0,-33.391135,-35.556697,-34.308297,-28.232771,-25.665733,-45.209541,-31.168276,-32.499652
16300.0,-33.412038,-34.577617,-34.074461,-28.064023,-25.882068,-45.054199,-31.697611,-32.892907
16350.0,-33.544087,-33.732129,-34.369047,-28.437966,-26.281169,-40.571089,-31.49686,-32.641235
16400.0,-33.666698,-34.785791,-35.175126,-28.66539,-26.087876,-40.478719,-31.004728,-32.201933
16450.0,-33.138612,-35.47805,-35.247975,-28.260083,-25.769032,-45.182098,-31.27846,-32.795974
16500.0,-32.988232,-34.6393,-35.342959,-27.943409,-25.831717,-44.553239,-31.847648,-32.598552
16550.0,-33.220525,-34.445941,-35.663034,-28.405325,-26.337365,-39.725907,-32.056612,-31.85067
16600.0,-33.516886,-34.524481,-35.550499,-28.713615,-26.468101,-39.689469,-31.292853,-31.851701
16650.0,-33.11734,-34.682684,-35.98087,-28.355577,-25.711603,-44.042819,-31.177124,-32.443149
16700.0,-32.338502,-35.462973,-36.658776,-28.328473,-25.526342,-42.336861,-32.234201,-32.041777
16750.0,-32.608817,-35.515973,-35.99029,-28.740964,-26.262001,-39.753789,-32.601758,-31.745143
16800.0,-34.088703,-34.420562,-35.810398,-28.802142,-26.652853,-39.341681,-31.688689,-31.924728
16850.0,-33.642115,-34.605284,-36.420944,-28.534602,-25.659509,-42.04953,-31.738849,-32.005595
16900.0,-32.092975,-35.8453,-36.296145,-28.77493,-25.303,-42.651442,-32.555517,-31.528755
16950.0,-32.53299,-35.518518,-35.937026,-29.247733,-26.126742,-39.772453,-32.48054,-31.74476
17000.0,-34.456562,-34.58028,-36.319092,-29.407587,-26.72914,-38.4876,-32.127429,-32.293854
17050.0,-33.682623,-34.731132,-36.419824,-29.0992,-25.852915,-40.805264,-31.749069,-31.953009
17100.0,-31.433193,-35.99906,-36.250425,-29.306572,-25.336468,-42.300932,-31.707075,-31.603787
17150.0,-31.69258,-36.764629,-36.420152,-29.86075,-26.19666,-39.492099,-31.91882,-32.217364
17200.0,-33.491797,-35.665252,-36.488022,-29.629257,-27.074786,-38.824433,-31.880945,-32.493715
17250.0,-33.842703,-35.057202,-37.184786,-29.020915,-26.348214,-40.824413,-31.35038,-31.397995
17300.0,-31.192078,-37.021358,-37.342074,-29.622495,-25.733625,-42.605303,-31.128899,-31.238897
17350.0,-30.848165,-39.537414,-37.169934,-30.134216,-26.400679,-40.831327,-31.278254,-31.741496
17400.0,-32.479063,-37.10963,-36.917372,-29.542246,-27.226819,-39.877726,-31.87166,-31.408473
17450.0,-34.326699,-35.394504,-37.36084,-29.308184,-26.917866,-40.699431,-31.969945,-30.86951
17500.0,-31.525404,-37.591138,-37.487182,-29.861546,-26.624451,-41.304708,-31.625537,-31.173781
17550.0,-30.296921,-40.110996,-36.832137,-30.098577,-27.253071,-39.130708,-31.81734,-31.552643
17600.0,-31.391415,-37.302807,-36.019834,-29.871868,-28.171337,-37.860646,-32.375834,-31.308909
17650.0,-34.120951,-35.553392,-35.551265,-29.727107,-28.220376,-38.38939,-33.12995,-31.43682
17700.0,-32.384786,-36.91067,-36.059688,-30.077652,-27.889866,-38.131481,-33.024054,-31.587102
17750.0,-30.801767,-38.997575,-35.885216,-30.549673,-28.44052,-37.025552,-33.106617,-31.807367
17800.0,-31.303755,-37.337299,-34.570844,-30.159135,-29.319569,-37.733295,-33.896561,-32.0679
17850.0,-34.301272,-35.195013,-34.234156,-29.750893,-29.829032,-38.714278,-34.266812,-32.329937
17900.0,-33.865102,-35.413154,-35.903701,-30.156346,-29.618869,-36.551542,-33.287017,-32.404092
17950.0,-31.32238,-38.714413,-35.810532,-30.546131,-30.31334,-36.201289,-33.143846,-32.499548
18000.0,-30.792955,-38.642965,-33.906506,-29.958736,-31.325451,-37.674977,-33.616786,-32.322299
18050.0,-33.395531,-35.72379,-33.243121,-29.610489,-31.897868,-37.717014,-34.102552,-32.507845
18100.0,-35.211607,-35.018398,-35.218068,-29.909739,-31.377367,-35.614243,-33.409927,-32.435942
18150.0,-31.692017,-38.598605,-36.364536,-30.081004,-31.797632,-36.691676,-33.050089,-31.894859
18200.0,-30.681903,-40.605449,-34.320615,-29.762881,-32.531766,-38.466301,-33.232261,-31.738341
18250.0,-32.399433,-36.955318,-33.208728,-29.432315,-32.615559,-37.749508,-34.023457,-32.157349
18300.0,-35.659643,-35.035635,-35.542441,-29.516777,-32.034029,-36.021333,-33.927272,-31.679695
18350.0,-33.091266,-38.530276,-37.572363,-29.990266,-32.163471,-36.906174,-32.916792,-30.839617
18400.0,-31.469718,-41.417052,-34.470002,-29.870603,-32.684305,-38.571448,-32.738798,-31.17522
18450.0,-32.272756,-37.388064,-33.144427,-29.526357,-32.618372,-38.870795,-33.575161,-31.793182
18500.0,-35.508209,-35.020242,-35.181091,-29.363577,-32.159039,-36.709787,-34.085087,-30.909187
18550.0,-34.090756,-37.792056,-37.12326,-29.716113,-32.099984,-36.536132,-32.720915,-29.854295
18600.0,-31.834578,-41.891484,-34.220953,-29.71927,-32.629754,-37.797456,-32.73467,-30.456455
18650.0,-31.864474,-38.567573,-32.872792,-29.372336,-32.558849,-39.311931,-33.85324,-30.73307
18700.0,-34.739033,-35.617277,-33.933094,-29.172674,-32.301966,-38.109451,-34.491282,-30.011595
18750.0,-34.022915,-37.376029,-35.659876,-29.414664,-31.897247,-37.381081,-32.925972,-29.209313
18800.0,-32.469835,-43.08174,-34.943576,-29.446976,-32.236883,-38.932294,-32.977208,-29.865752
18850.0,-31.637074,-39.943829,-33.461997,-29.325312,-31.665673,-40.33514,-34.085586,-30.204047
18900.0,-33.041207,-36.626779,-33.394784,-29.287826,-31.331494,-40.046141,-35.905768,-29.7296
18950.0,-33.879333,-37.738861,-34.86758,-29.111794,-31.141392,-39.353447,-35.135834,-28.960441
19000.0,-32.915772,-44.182995,-36.272174,-29.435907,-31.194183,-40.813706,-34.795242,-29.279006
19050.0,-31.258751,-41.599553,-34.865843,-29.664672,-30.359848,-41.197517,-35.172496,-30.145819
19100.0,-31.928257,-37.748157,-33.531821,-29.742312,-30.46525,-41.925856,-37.580607,-30.39452
19150.0,-33.751462,-37.802649,-34.603114,-29.118868,-30.456247,-41.53693,-37.39314,-29.508367
19200.0,-33.278849,-42.15964,-37.033637,-29.821567,-30.188737,-41.886352,-35.970315,-29.968947
19250.0,-31.632337,-42.30319,-35.667816,-30.591173,-29.659055,-41.539599,-35.839559,-31.504875
19300.0,-31.349239,-38.299007,-33.341857,-30.528645,-29.781561,-43.066621,-38.037871,-31.306999
19350.0,-32.582604,-37.791158,-33.876148,-29.681836,-30.243861,-41.660847,-38.549878,-30.405225
19400.0,-33.940594,-40.545879,-37.125033,-30.568621,-29.688747,-40.32181,-36.433032,-31.42589
19450.0,-32.610698,-41.954727,-37.725998,-31.559127,-29.038727,-39.476771,-36.080306,-33.305453
19500.0,-30.826762,-39.372547,-34.289753,-31.675148,-28.850884,-40.933372,-37.792167,-32.685336
19550.0,-31.765501,-38.413945,-34.375256,-30.894588,-29.865993,-42.219106,-39.668601,-32.108514
19600.0,-34.340705,-39.472735,-37.042688,-31.579987,-29.223242,-39.929986,-36.653854,-33.02256
19650.0,-33.380129,-43.720612,-40.183996,-32.863039,-28.552623,-38.422017,-36.013858,-34.734694
19700.0,-30.499216,-41.50234,-36.734593,-33.035109,-28.202036,-38.976521,-37.702967,-33.896828
19750.0,-31.218658,-38.89458,-36.207028,-32.590961,-29.327181,-41.247949,-41.141842,-33.054478
19800.0,-33.79758,-39.63524,-38.614378,-33.123031,-28.738406,-39.553727,-37.275461,-34.389099
19850.0,-34.289304,-43.963812,-41.931559,-34.665759,-28.185898,-38.029983,-35.806441,-36.456569
19900.0,-31.29504,-41.413848,-38.205812,-34.65738,-27.538045,-38.198281,-36.19561,-35.378735
19950.0,-31.131698,-38.902878,-36.80808,-34.03219,-28.209716,-40.074724,-39.523972,-33.425606
20000.0,-34.005473,-38.828087,-38.402569,-33.890589,-28.866327,-38.615619,-36.078856,-35.940773
20050.0,-36.439028,-41.420542,-40.947044,-35.401844,-28.529277,-36.388413,-34.062764,-38.396758
20100.0,-33.288422,-40.875153,-39.235909,-34.931033,-28.060216,-35.337332,-33.689027,-36.157658
20150.0,-31.478015,-38.547629,-36.706666,-34.634523,-28.038196,-36.794271,-37.219411,-33.330976
20200.0,-34.704707,-37.461824,-37.599212,-34.319234,-29.582067,-36.607816,-35.372072,-36.398559
20250.0,-38.635226,-39.357781,-40.389342,-35.48101,-29.529887,-35.502651,-33.125703,-38.953592
20300.0,-35.270138,-42.081844,-39.99998,-35.175182,-29.491868,-34.677228,-32.823513,-36.550166
20350.0,-31.883661,-39.838073,-36.909435,-34.527938,-28.053968,-34.940037,-35.077552,-33.265168
20400.0,-35.048944,-38.052417,-38.176883,-34.109982,-29.96973,-35.682742,-34.996123,-35.396382
20450.0,-40.446919,-39.645053,-40.903654,-35.180759,-30.560293,-35.955172,-32.90222,-37.379306
20500.0,-37.697797,-43.809099,-40.152299,-35.14997,-31.043768,-36.053286,-32.468198,-36.147811
20550.0,-33.220431,-41.94422,-37.26019,-34.323155,-28.605709,-34.802727,-32.94245,-32.848159
20600.0,-35.664082,-38.506063,-37.226878,-34.45976,-29.914091,-35.556475,-35.24211,-33.174113
20650.0,-40.871345,-38.22806,-38.053571,-35.010753,-31.235297,-36.297233,-34.298501,-35.14368
20700.0,-40.033733,-42.225499,-39.59074,-35.570835,-32.36536,-36.843085,-34.012643,-35.635256
20750.0,-34.619934,-43.62386,-38.742892,-34.233552,-29.933041,-34.40193,-33.330497,-33.365275
20800.0,-34.741709,-39.150381,-37.111286,-33.638387,-29.427807,-34.276537,-34.835608,-31.995954
20850.0,-40.148775,-37.879081,-37.583935,-33.803972,-31.411124,-35.16197,-36.182505,-33.678921
20900.0,-41.394758,-41.587126,-39.588237,-34.870441,-33.293702,-37.239623,-36.19125,-35.641905
20950.0,-35.992998,-44.960599,-40.122696,-33.872928,-31.361704,-35.429527,-34.778782,-34.838597
21000.0,-33.357674,-41.891205,-37.663565,-33.09405,-28.901972,-33.851468,-34.930549,-31.85936
21050.0,-38.294279,-39.267906,-37.318516,-32.866731,-31.360471,-34.837203,-39.062867,-32.771439
21100.0,-41.832867,-41.82986,-39.271668,-34.036045,-33.606918,-37.587514,-39.575704,-36.006703
21150.0,-37.534201,-46.678763,-41.242521,-33.918786,-32.54893,-37.615133,-37.383207,-37.99822
21200.0,-32.957831,-44.096417,-38.511034,-32.900435,-28.481163,-34.864481,-35.717266,-34.057499
21250.0,-36.75537,-39.484535,-36.764463,-32.574549,-30.458671,-35.55988,-41.024173,-32.970754
21300.0,-41.29335,-40.523523,-38.345626,-33.789487,-32.769778,-38.343328,-42.680215,-36.031618
21350.0,-38.772811,-44.899683,-41.3559,-34.550628,-32.860785,-39.569934,-39.607845,-40.670612
21400.0,-33.334604,-46.120569,-40.07182,-33.474152,-28.505043,-35.824218,-36.261376,-36.853387
21450.0,-35.065387,-40.022261,-36.735531,-33.185224,-29.127895,-35.83413,-40.088837,-33.295353
21500.0,-40.157275,-39.883894,-38.022078,-33.818157,-31.487509,-38.5946,-46.179211,-35.78961
21550.0,-39.288812,-43.709519,-41.537954,-35.040059,-32.764715,-41.165157,-42.050626,-42.132544
21600.0,-34.165434,-48.01109,-41.916263,-33.929168,-29.143078,-37.496823,-37.72564,-40.662421
21650.0,-33.371696,-41.128443,-37.176976,-33.245829,-28.276217,-36.469201,-40.248794,-34.96535
21700.0,-38.146412,-39.159133,-37.425714,-33.311606,-30.289653,-38.888224,-48.439187,-36.433529
21750.0,-39.690704,-42.013102,-40.860618,-34.787101,-31.46087,-41.479065,-42.197436,-43.99051
21800.0,-34.755299,-45.35964,-42.239619,-34.025622,-29.398683,-38.391139,-38.490823,-45.4822
21850.0,-31.573492,-41.936637,-36.92586,-33.179,-27.30506,-36.514447,-39.150664,-36.852815
21900.0,-35.237664,-39.165783,-36.468652,-33.299932,-28.737257,-37.984312,-48.511882,-36.620694
21950.0,-38.779241,-40.651794,-39.867247,-34.461608,-29.879735,-40.211173,-41.840982,-45.056932
22000.0,-34.954539,-43.354153,-42.827151,-34.325946,-29.42389,-39.41338,-38.234818,-48.255105
22050.0,-30.894923,-43.00957,-39.520516,-33.397898,-27.135346,-37.287774,-37.436019,-37.84054
22100.0,-33.002087,-39.33887,-36.546226,-33.785775,-27.514322,-38.408207,-45.351527,-36.382451
22150.0,-37.062776,-40.014855,-39.180694,-34.453655,-28.615718,-39.556852,-40.435658,-46.069966
22200.0,-35.769338,-42.501459,-44.375225,-34.678355,-29.450055,-38.521416,-37.158828,-45.189613
22250.0,-31.681426,-44.970146,-43.541429,-33.499641,-27.69928,-36.794618,-35.556276,-36.881823
22300.0,-31.525415,-41.0341,-37.343307,-33.769325,-26.916485,-37.682138,-41.028361,-34.988998
22350.0,-35.006276,-40.655492,-39.698076,-34.218114,-28.129077,-37.584214,-38.685146,-42.409065
22400.0,-36.117835,-42.98728,-47.522479,-34.826677,-29.711778,-37.041755,-36.202366,-43.169016
22450.0,-32.627244,-45.122509,-46.886317,-33.676945,-28.658815,-36.436121,-34.254802,-35.621726
22500.0,-30.454349,-43.549514,-38.042631,-33.781284,-27.004246,-36.760834,-36.77168,-33.518311
22550.0,-32.804903,-42.414569,-39.541101,-33.929907,-28.323689,-36.744388,-37.69027,-38.792188
22600.0,-36.023925,-43.253025,-45.146395,-34.603894,-30.237036,-36.956474,-35.825646,-40.091359
22650.0,-34.044084,-45.190628,-44.8906,-34.046133,-29.791204,-36.81655,-34.696091,-34.406515
22700.0,-30.556246,-45.728633,-37.418727,-33.733491,-27.666662,-35.99361,-35.447519,-32.178437
22750.0,-31.829041,-43.762036,-37.287169,-33.630113,-28.773275,-36.34423,-37.06929,-35.035459
22800.0,-35.441343,-44.506943,-40.563987,-34.368491,-30.577331,-37.500307,-36.298949,-38.027592
22850.0,-35.306537,-46.669232,-43.591023,-34.324983,-30.663892,-37.813813,-35.587859,-34.315125
22900.0,-31.369168,-48.303344,-38.484889,-33.525686,-28.688146,-36.47732,-34.911769,-32.197357
22950.0,-31.221609,-45.342264,-36.224307,-33.381429,-29.106953,-36.890559,-36.678782,-33.211629
23000.0,-34.622368,-45.033646,-37.541631,-34.053972,-30.922216,-38.12775,-37.755741,-36.28542
23050.0,-35.931854,-46.2133,-40.209093,-34.585469,-31.329721,-38.693209,-37.324318,-35.015026
23100.0,-32.637197,-47.17395,-39.490864,-33.804563,-29.651342,-37.173855,-35.779792,-33.261458
23150.0,-31.220853,-45.174731,-35.969284,-33.360786,-29.429453,-36.820388,-36.291022,-32.671102
23200.0,-34.040673,-44.233891,-36.068288,-34.263246,-31.064597,-38.064547,-38.870877,-35.126755
23250.0,-36.368189,-45.788292,-39.545386,-35.300293,-31.605856,-38.389281,-39.044908,-35.522426
23300.0,-33.971352,-47.681246,-40.628948,-34.120732,-30.509061,-36.879572,-37.234309,-33.800142
23350.0,-31.824394,-46.617665,-36.889976,-33.242864,-29.883282,-36.120378,-36.77623,-32.34174
23400.0,-33.792751,-45.555833,-36.109381,-34.330053,-31.057178,-37.475904,-39.547157,-34.730258
23450.0,-35.790322,-47.160459,-39.255567,-35.526872,-31.505723,-38.111075,-39.870923,-35.971929
23500.0,-34.482293,-48.933863,-42.177938,-34.495689,-30.909207,-36.696058,-37.852146,-34.166487
23550.0,-32.369894,-46.281215,-38.868083,-32.964734,-30.311087,-35.605302,-36.403291,-32.649142
23600.0,-33.048825,-45.042126,-36.969989,-34.063233,-30.563784,-36.561593,-38.498191,-34.188162
23650.0,-34.219624,-46.007486,-38.592196,-35.243662,-30.953071,-37.750999,-39.299261,-35.275799
23700.0,-34.052809,-45.287009,-40.105317,-34.290137,-31.044204,-37.428668,-37.362946,-34.242444
23750.0,-32.72394,-43.956811,-38.783015,-32.803293,-30.308285,-35.886064,-35.910567,-33.050238
23800.0,-32.198989,-43.915417,-36.588769,-33.325505,-29.888127,-36.115387,-36.928236,-33.68222
23850.0,-32.858951,-43.561371,-36.836686,-34.041477,-30.352235,-38.053974,-38.072224,-34.619573
23900.0,-33.105307,-42.523285,-38.060386,-33.802513,-30.738453,-38.167313,-36.905177,-34.247175
23950.0,-32.724202,-42.140769,-38.721101,-32.737883,-30.331958,-36.394921,-35.384128,-33.309458
24000.0,-31.7467,-42.587815,-37.463946,-32.640016,-29.803727,-36.093407,-35.925587,-33.613456
24050.0,-31.878126,-41.810826,-36.922068,-33.196937,-30.10652,-37.738446,-36.836556,-33.954592
24100.0,-32.052225,-41.531212,-37.583049,-33.417682,-30.596723,-38.086458,-36.523302,-34.043564
24150.0,-32.105434,-41.898821,-38.27038,-32.805918,-30.640024,-37.19961,-35.436755,-33.730369
24200.0,-31.931579,-42.484986,-37.708721,-32.409488,-29.887703,-36.784796,-35.06252,-33.493104
24250.0,-31.348055,-42.150318,-36.789842,-32.773353,-29.725298,-37.600119,-36.091529,-33.632686
24300.0,-30.960994,-40.872887,-36.557101,-32.938589,-30.272392,-38.350379,-36.444792,-33.801258
24350.0,-31.431785,-40.864821,-36.903748,-32.674674,-30.482535,-37.850944,-35.49813,-33.568412
24400.0,-32.181875,-42.146442,-37.541229,-32.650998,-30.128309,-37.225025,-35.176985,-33.55249
24450.0,-31.595351,-42.408882,-36.394663,-33.036195,-29.273168,-37.138686,-36.468032,-33.401587
24500.0,-30.624463,-40.21929,-35.233575,-32.894037,-29.029888,-37.462764,-37.015017,-33.06555
24550.0,-31.120895,-39.258379,-35.464949,-32.712217,-29.805999,-37.56175,-36.416231,-33.217361
24600.0,-32.842921,-40.517309,-36.404946,-32.878819,-30.674018,-38.124929,-36.024159,-34.072619
24650.0,-32.463763,-41.164719,-35.941381,-32.89591,-29.468821,-37.331146,-35.784653,-33.851533
24700.0,-30.694974,-38.686941,-34.307095,-32.621999,-28.504734,-36.583425,-36.115909,-33.051908
24750.0,-30.695141,-36.690941,-34.004404,-32.399536,-29.939944,-37.929611,-35.472667,-33.932405
24800.0,-33.060304,-37.551871,-35.586744,-32.575926,-31.419445,-39.027704,-34.637643,-35.301284
24850.0,-33.748203,-39.200809,-36.20792,-32.473924,-30.120799,-37.298978,-34.243274,-35.103751
24900.0,-31.282852,-37.967598,-34.155481,-32.138876,-28.63948,-36.203285,-34.483378,-33.869455
24950.0,-30.67799,-36.007801,-33.272235,-31.995295,-30.1264,-37.751143,-35.017219,-34.617847
25000.0,-33.447181,-36.568582,-34.820142,-32.397326,-31.934044,-39.233279,-34.493751,-36.402698
25050.0,-35.262896,-38.632473,-36.575619,-32.60714,-31.006532,-37.814577,-33.97511,-35.528521
25100.0,-32.7793,-38.874213,-35.334367,-32.370708,-29.132297,-35.941438,-34.178511,-33.388908
25150.0,-31.263187,-36.597956,-33.680363,-32.414143,-29.985465,-37.253104,-35.992331,-33.706605
25200.0,-33.912277,-36.679423,-35.337717,-32.801074,-32.038799,-38.903711,-35.659182,-36.419912
25250.0,-36.462813,-38.641468,-37.512893,-32.803283,-31.354864,-38.109784,-34.405654,-35.498475
25300.0,-34.069785,-39.635352,-36.823257,-32.37718,-29.191624,-35.475089,-33.98045,-33.141558
25350.0,-31.472736,-37.772573,-34.453937,-32.443886,-29.453809,-36.622658,-36.179626,-33.178967
25400.0,-33.42449,-37.771216,-35.518027,-32.380646,-31.469796,-38.419508,-35.977057,-35.352255
25450.0,-36.615875,-38.918224,-37.691215,-31.891395,-31.143538,-37.974794,-34.397237,-34.693982
25500.0,-35.282199,-39.48323,-38.066744,-31.643147,-29.254268,-35.144223,-33.751789,-32.914059
25550.0,-31.641689,-38.407615,-35.275092,-31.90996,-29.209448,-36.121566,-35.742479,-32.811985
25600.0,-32.782732,-37.801801,-35.441075,-31.515297,-30.720359,-37.735679,-35.497746,-33.719717
25650.0,-35.709834,-37.747829,-37.129811,-31.11298,-30.678674,-38.033467,-34.031841,-33.556063
25700.0,-35.835504,-37.755149,-38.8716,-30.83589,-29.725107,-36.756337,-33.50912,-33.036517
25750.0,-32.3739,-37.984929,-37.028823,-31.183914,-29.398603,-37.121965,-34.942222,-32.845468
25800.0,-32.178107,-37.531617,-35.82863,-30.997654,-30.354744,-38.486325,-35.049949,-32.933791
25850.0,-34.935922,-37.039637,-36.705494,-30.663376,-30.744494,-39.581321,-33.933964,-33.129176
25900.0,-36.897267,-37.113609,-39.580888,-30.753903,-30.373398,-38.674073,-33.813644,-33.573424
25950.0,-33.336473,-37.910661,-38.750027,-31.070434,-30.007233,-37.69947,-34.280067,-33.636354
26000.0,-32.042941,-37.317176,-36.077922,-31.389317,-30.249245,-38.77189,-34.410528,-33.02391
26050.0,-34.237578,-36.607288,-36.339907,-31.329805,-30.507908,-39.408995,-34.223336,-33.569501
26100.0,-37.406755,-36.685093,-38.973206,-31.202713,-30.720083,-39.961821,-34.340737,-34.625815
26150.0,-34.620518,-37.237289,-39.179986,-31.456101,-30.97951,-39.272674,-34.48796,-35.422089
26200.0,-32.06887,-36.515274,-36.351032,-31.719739,-30.569735,-38.957527,-34.635565,-34.401049
26250.0,-33.542838,-35.934441,-36.165116,-31.754415,-30.545411,-39.27646,-35.668691,-34.163969
26300.0,-37.810861,-36.282844,-38.396663,-32.131531,-31.232109,-40.115828,-36.713092,-35.482169
26350.0,-36.255269,-37.093522,-40.470085,-32.420992,-32.081597,-39.190481,-36.562425,-37.174674
26400.0,-32.460713,-36.717688,-38.06885,-32.688164,-31.824565,-38.188355,-36.230831,-35.877708
26450.0,-32.84953,-36.096884,-37.179904,-32.683512,-31.302845,-38.471391,-37.589074,-34.93609
26500.0,-37.397535,-36.402712,-38.282951,-32.713073,-32.247521,-39.909549,-39.631635,-36.706802
