Freq (MHz),P1_TX1_P2_RX1 SDD21,P1_TX2_P2_RX2 SDD21,P1_TX3_P2_RX3 SDD21,P1_TX4_P2_RX4 SDD21,P2_TX1_P1_RX1 SDD21,P2_TX2_P1_RX2 SDD21,P2_TX3_P1_RX3 SDD21,P2_TX4_P1_RX4 SDD21
50.0,-0.287682,-0.294703,-0.305097,-0.314787,-0.28773,-0.295761,-0.305392,-0.315896
100.0,-0.40418,-0.416656,-0.428459,-0.443016,-0.406514,-0.417891,-0.431359,-0.445412
150.0,-0.50942,-0.522971,-0.538209,-0.552805,-0.510736,-0.523937,-0.540788,-0.559232
200.0,-0.601839,-0.616748,-0.636176,-0.651878,-0.604658,-0.6186,-0.639919,-0.655521
250.0,-0.692853,-0.709533,-0.73214,-0.748187,-0.696362,-0.712246,-0.734442,-0.753846
300.0,-0.770089,-0.794821,-0.813006,-0.836627,-0.778587,-0.795413,-0.82036,-0.836252
350.0,-0.855962,-0.879144,-0.904066,-0.921137,-0.863538,-0.88623,-0.90775,-0.933328
400.0,-0.94383,-0.970484,-0.997377,-1.022098,-0.95066,-0.981706,-1.003867,-1.032404
450.0,-1.020574,-1.045345,-1.074999,-1.09723,-1.028339,-1.060051,-1.079025,-1.106605
500.0,-1.089781,-1.114575,-1.143245,-1.168099,-1.096864,-1.127035,-1.155278,-1.180497
550.0,-1.160706,-1.194642,-1.224164,-1.259373,-1.174045,-1.208269,-1.238171,-1.277232
600.0,-1.237004,-1.274625,-1.302562,-1.336406,-1.250768,-1.287563,-1.315222,-1.348464
650.0,-1.29053,-1.323274,-1.354774,-1.38249,-1.307259,-1.335912,-1.364439,-1.393851
700.0,-1.348141,-1.381471,-1.413409,-1.452378,-1.363679,-1.395014,-1.427943,-1.465612
750.0,-1.416381,-1.462683,-1.492855,-1.532679,-1.433748,-1.477138,-1.502931,-1.546681
800.0,-1.476875,-1.525496,-1.555101,-1.586884,-1.500195,-1.538654,-1.562037,-1.599158
850.0,-1.521007,-1.555871,-1.588684,-1.626398,-1.538145,-1.569899,-1.59728,-1.633497
900.0,-1.568438,-1.609946,-1.644736,-1.688439,-1.586983,-1.62091,-1.652414,-1.698427
950.0,-1.629909,-1.686532,-1.720301,-1.757496,-1.658791,-1.693781,-1.723905,-1.76857
1000.0,-1.685258,-1.73779,-1.767855,-1.799754,-1.716592,-1.748879,-1.770553,-1.808753
1050.0,-1.724027,-1.759292,-1.796456,-1.841533,-1.743936,-1.767852,-1.800018,-1.845761
1100.0,-1.769424,-1.818619,-1.851032,-1.900512,-1.791132,-1.826474,-1.856247,-1.909248
1150.0,-1.835118,-1.895772,-1.918559,-1.964164,-1.867113,-1.909883,-1.924959,-1.971168
1200.0,-1.882876,-1.928233,-1.948544,-1.995091,-1.914906,-1.943748,-1.956826,-2.003888
1250.0,-1.912608,-1.945095,-1.982144,-2.035681,-1.938775,-1.95847,-1.990208,-2.043134
1300.0,-1.961952,-2.001184,-2.035663,-2.092175,-1.982164,-2.013978,-2.045482,-2.10082
1350.0,-2.020007,-2.064155,-2.08325,-2.132998,-2.048146,-2.086452,-2.09771,-2.144138
1400.0,-2.058421,-2.090927,-2.115708,-2.170164,-2.084887,-2.115066,-2.127996,-2.176716
1450.0,-2.089639,-2.118783,-2.15804,-2.22362,-2.112063,-2.135666,-2.162249,-2.223543
1500.0,-2.13428,-2.171156,-2.200996,-2.266867,-2.158022,-2.189695,-2.210625,-2.269202
1550.0,-2.182011,-2.225149,-2.24518,-2.298364,-2.220801,-2.256611,-2.254628,-2.305044
1600.0,-2.216056,-2.251033,-2.285837,-2.34842,-2.249892,-2.277479,-2.28552,-2.349336
1650.0,-2.255108,-2.279291,-2.328848,-2.40246,-2.278365,-2.303537,-2.323899,-2.394049
1700.0,-2.298138,-2.332571,-2.368194,-2.430138,-2.332205,-2.362169,-2.373934,-2.430348
1750.0,-2.340522,-2.379504,-2.404056,-2.463667,-2.38868,-2.412538,-2.41399,-2.476389
1800.0,-2.377647,-2.409044,-2.44752,-2.523663,-2.417911,-2.432934,-2.443833,-2.532884
1850.0,-2.414604,-2.445206,-2.494946,-2.565045,-2.446237,-2.472915,-2.489299,-2.568502
1900.0,-2.463331,-2.501038,-2.532815,-2.582016,-2.50335,-2.531327,-2.536644,-2.592327
1950.0,-2.502219,-2.531428,-2.56324,-2.624531,-2.548865,-2.561667,-2.56736,-2.644531
2000.0,-2.531618,-2.559932,-2.609412,-2.678017,-2.568772,-2.591221,-2.606529,-2.702974
2050.0,-2.580652,-2.609124,-2.659005,-2.704809,-2.609564,-2.646144,-2.647949,-2.726936
2100.0,-2.63237,-2.652415,-2.69106,-2.728554,-2.67079,-2.696389,-2.694805,-2.76172
2150.0,-2.655214,-2.67385,-2.727245,-2.77997,-2.692528,-2.71563,-2.729934,-2.813082
2200.0,-2.686096,-2.71625,-2.77114,-2.818112,-2.720469,-2.757999,-2.768003,-2.856159
2250.0,-2.75216,-2.761867,-2.806797,-2.834851,-2.780593,-2.813087,-2.806697,-2.886548
2300.0,-2.787966,-2.783346,-2.848322,-2.874464,-2.827024,-2.848572,-2.85375,-2.92684
2350.0,-2.799577,-2.815719,-2.891528,-2.916831,-2.83816,-2.871309,-2.893259,-2.968599
2400.0,-2.843905,-2.865385,-2.931289,-2.954478,-2.87458,-2.918358,-2.922432,-3.013777
2450.0,-2.901984,-2.898949,-2.964242,-2.984358,-2.931576,-2.960942,-2.963384,-3.052408
2500.0,-2.928917,-2.930199,-3.009935,-3.026365,-2.971834,-2.992213,-3.010081,-3.092
2550.0,-2.945699,-2.967739,-3.051007,-3.070039,-2.993394,-3.02624,-3.041922,-3.135774
2600.0,-2.994726,-3.008659,-3.079068,-3.102395,-3.029214,-3.062474,-3.07156,-3.173955
2650.0,-3.044579,-3.046144,-3.115477,-3.131827,-3.08176,-3.100699,-3.117156,-3.202816
2700.0,-3.072941,-3.078154,-3.173705,-3.183383,-3.123024,-3.13982,-3.164128,-3.243579
2750.0,-3.094425,-3.11716,-3.209517,-3.227531,-3.138914,-3.168698,-3.192199,-3.281111
2800.0,-3.144193,-3.164969,-3.230107,-3.256539,-3.180274,-3.196388,-3.223473,-3.311121
2850.0,-3.193785,-3.198557,-3.261647,-3.291689,-3.233404,-3.233563,-3.268237,-3.34856
2900.0,-3.215324,-3.228067,-3.325982,-3.342531,-3.26496,-3.272801,-3.316222,-3.385497
2950.0,-3.245485,-3.274497,-3.362949,-3.37709,-3.284774,-3.300672,-3.339805,-3.411317
3000.0,-3.299312,-3.321701,-3.378676,-3.412042,-3.324945,-3.326101,-3.372029,-3.450005
3050.0,-3.331786,-3.339819,-3.40887,-3.456234,-3.361285,-3.359055,-3.427427,-3.493969
3100.0,-3.356406,-3.37204,-3.46729,-3.484949,-3.389462,-3.400011,-3.466727,-3.522822
3150.0,-3.393023,-3.415942,-3.498724,-3.519057,-3.422882,-3.424731,-3.482523,-3.561083
3200.0,-3.437348,-3.447881,-3.521379,-3.570512,-3.452574,-3.45353,-3.528887,-3.601015
3250.0,-3.457824,-3.462614,-3.552134,-3.589079,-3.478341,-3.486572,-3.570005,-3.619139
3300.0,-3.477512,-3.498776,-3.593977,-3.611783,-3.515801,-3.516985,-3.58208,-3.647135
3350.0,-3.518496,-3.540157,-3.634778,-3.665025,-3.545352,-3.5448,-3.615984,-3.692709
3400.0,-3.555982,-3.577352,-3.662221,-3.709271,-3.578896,-3.580834,-3.680582,-3.733276
3450.0,-3.589068,-3.609487,-3.684814,-3.729711,-3.614367,-3.616653,-3.709325,-3.755393
3500.0,-3.618962,-3.643478,-3.721065,-3.751438,-3.652498,-3.645778,-3.714726,-3.791951
3550.0,-3.653451,-3.674591,-3.76097,-3.801981,-3.684336,-3.677286,-3.757779,-3.851046
3600.0,-3.697293,-3.71911,-3.797537,-3.855025,-3.72166,-3.723972,-3.838201,-3.89314
3650.0,-3.73441,-3.753886,-3.831779,-3.879127,-3.758202,-3.770715,-3.876191,-3.903489
3700.0,-3.759609,-3.780736,-3.857267,-3.892092,-3.793088,-3.790412,-3.86192,-3.940658
3750.0,-3.800522,-3.81649,-3.901557,-3.951417,-3.832072,-3.815676,-3.899243,-4.028107
3800.0,-3.845973,-3.858756,-3.970257,-4.010634,-3.871257,-3.883303,-4.007945,-4.057958
3850.0,-3.879514,-3.905663,-3.992745,-4.014071,-3.915598,-3.949597,-4.039463,-4.040364
3900.0,-3.919681,-3.936357,-3.992931,-4.032393,-3.966295,-3.955323,-4.00162,-4.111849
3950.0,-3.953055,-3.956929,-4.080249,-4.103101,-3.989553,-3.974931,-4.084355,-4.191783
4000.0,-3.99518,-4.034901,-4.170152,-4.140375,-4.033828,-4.099602,-4.223219,-4.187431
4050.0,-4.054402,-4.094606,-4.141061,-4.141134,-4.124129,-4.159041,-4.205399,-4.185928
4100.0,-4.09945,-4.08302,-4.140996,-4.175943,-4.159741,-4.111905,-4.149059,-4.246611
4150.0,-4.095172,-4.102479,-4.229896,-4.216736,-4.140463,-4.151643,-4.24185,-4.292828
4200.0,-4.137784,-4.19198,-4.271681,-4.247249,-4.208162,-4.270432,-4.325567,-4.298478
4250.0,-4.217168,-4.22469,-4.246789,-4.271911,-4.30831,-4.282489,-4.291358,-4.320781
4300.0,-4.222773,-4.208378,-4.269224,-4.309185,-4.300135,-4.237105,-4.275448,-4.369453
4350.0,-4.202489,-4.238093,-4.334267,-4.33828,-4.274726,-4.294492,-4.355076,-4.418308
4400.0,-4.257643,-4.309238,-4.369475,-4.378209,-4.348014,-4.405337,-4.422833,-4.431509
4450.0,-4.337195,-4.346115,-4.376551,-4.423573,-4.441542,-4.421314,-4.412481,-4.455711
4500.0,-4.336986,-4.343794,-4.394488,-4.447166,-4.450855,-4.380306,-4.397894,-4.503241
4550.0,-4.313717,-4.36078,-4.448143,-4.469779,-4.41796,-4.421736,-4.46766,-4.551622
4600.0,-4.369797,-4.426771,-4.497912,-4.509812,-4.481453,-4.545879,-4.54637,-4.577268
4650.0,-4.46914,-4.49118,-4.509545,-4.548878,-4.615171,-4.583089,-4.540833,-4.600626
4700.0,-4.491717,-4.490602,-4.526562,-4.575898,-4.647506,-4.529115,-4.527214,-4.64696
4750.0,-4.446201,-4.496754,-4.583825,-4.602872,-4.581425,-4.567091,-4.583695,-4.674882
4800.0,-4.502879,-4.586372,-4.616915,-4.634537,-4.665524,-4.718906,-4.630415,-4.70461
4850.0,-4.638596,-4.650449,-4.620393,-4.680923,-4.861858,-4.739053,-4.638775,-4.747416
4900.0,-4.641997,-4.621533,-4.651984,-4.746308,-4.842217,-4.663001,-4.655826,-4.788728
4950.0,-4.563399,-4.625992,-4.686497,-4.804739,-4.718974,-4.711341,-4.696184,-4.827743
5000.0,-4.630504,-4.703388,-4.713118,-4.807185,-4.846733,-4.815063,-4.735029,-4.857463
5050.0,-4.745676,-4.734042,-4.745177,-4.850642,-4.996516,-4.807831,-4.76102,-4.900288
5100.0,-4.71731,-4.724044,-4.785133,-4.9931,-4.91295,-4.775089,-4.805999,-4.966518
5150.0,-4.666998,-4.743914,-4.827235,-5.020754,-4.832812,-4.824535,-4.859235,-4.987438
5200.0,-4.724505,-4.779481,-4.843746,-4.946677,-4.924996,-4.892337,-4.878014,-4.999659
5250.0,-4.813579,-4.816432,-4.881979,-5.024582,-5.015363,-4.90735,-4.908058,-5.071094
5300.0,-4.829541,-4.855771,-4.958243,-5.162058,-5.004674,-4.916693,-4.9865,-5.127514
5350.0,-4.809434,-4.872702,-4.973967,-5.124233,-4.964287,-4.940185,-5.014119,-5.109966
5400.0,-4.831037,-4.89272,-4.966717,-5.050203,-4.997567,-4.984891,-5.00188,-5.122867
5450.0,-4.92176,-4.939892,-5.010854,-5.120995,-5.104772,-5.030984,-5.037873,-5.196467
5500.0,-4.993205,-4.994056,-5.063731,-5.242321,-5.181267,-5.052715,-5.112007,-5.256825
5550.0,-4.987284,-5.00972,-5.090047,-5.259035,-5.14518,-5.059018,-5.143108,-5.257694
5600.0,-4.974071,-5.021054,-5.097681,-5.190064,-5.135937,-5.094097,-5.148036,-5.256877
5650.0,-5.066614,-5.056766,-5.117552,-5.214413,-5.264706,-5.144948,-5.158788,-5.32947
5700.0,-5.157247,-5.107548,-5.191272,-5.384556,-5.346931,-5.171123,-5.227376,-5.433286
5750.0,-5.136287,-5.138378,-5.274698,-5.463289,-5.272209,-5.187374,-5.333885,-5.431043
5800.0,-5.123451,-5.15828,-5.288059,-5.359098,-5.26339,-5.229433,-5.362465,-5.404924
5850.0,-5.178142,-5.183423,-5.279889,-5.356974,-5.36421,-5.285121,-5.320022,-5.500756
5900.0,-5.246083,-5.226951,-5.39554,-5.548192,-5.397253,-5.315172,-5.439482,-5.609225
5950.0,-5.277574,-5.298363,-5.519655,-5.604237,-5.383819,-5.374585,-5.608998,-5.556449
6000.0,-5.256073,-5.339346,-5.463359,-5.486837,-5.38349,-5.453267,-5.547363,-5.522345
6050.0,-5.261781,-5.334036,-5.442489,-5.473932,-5.43245,-5.458186,-5.450726,-5.606991
6100.0,-5.346059,-5.364363,-5.589138,-5.602888,-5.511253,-5.476329,-5.606629,-5.655851
6150.0,-5.427984,-5.47704,-5.657555,-5.685212,-5.555737,-5.57323,-5.717214,-5.639112
6200.0,-5.422565,-5.522665,-5.588953,-5.628811,-5.56586,-5.600965,-5.614054,-5.632826
6250.0,-5.402501,-5.477508,-5.563447,-5.56463,-5.593059,-5.555118,-5.542174,-5.662762
6300.0,-5.463548,-5.494481,-5.640477,-5.65149,-5.665303,-5.594107,-5.630083,-5.718831
6350.0,-5.585799,-5.601006,-5.729418,-5.792596,-5.745827,-5.682887,-5.737091,-5.751195
6400.0,-5.613039,-5.660024,-5.724995,-5.809659,-5.754714,-5.701794,-5.731413,-5.75739
6450.0,-5.547349,-5.621822,-5.665587,-5.732206,-5.726333,-5.67428,-5.670852,-5.776719
6500.0,-5.576464,-5.610923,-5.721678,-5.769191,-5.784834,-5.684475,-5.704314,-5.840641
6550.0,-5.718395,-5.706997,-5.874581,-5.947024,-5.886169,-5.783259,-5.854763,-5.903174
6600.0,-5.775828,-5.827937,-5.920674,-6.000467,-5.905671,-5.882175,-5.936301,-5.927784
6650.0,-5.69517,-5.818081,-5.827683,-5.893001,-5.870452,-5.864564,-5.850135,-5.927209
6700.0,-5.690977,-5.753735,-5.851738,-5.899469,-5.921679,-5.829366,-5.840892,-5.963901
6750.0,-5.832736,-5.855977,-6.017311,-6.104949,-6.029776,-5.957287,-6.003422,-6.055356
6800.0,-5.929559,-6.046477,-6.069264,-6.182986,-6.087381,-6.109837,-6.082202,-6.12228
6850.0,-5.891223,-6.052368,-5.990445,-6.059293,-6.09766,-6.044069,-6.000974,-6.092878
6900.0,-5.844139,-5.92664,-5.96572,-6.039463,-6.113105,-5.962513,-5.953244,-6.109131
6950.0,-5.945031,-5.98132,-6.126549,-6.215859,-6.176206,-6.105441,-6.063479,-6.222166
7000.0,-6.104474,-6.215248,-6.252591,-6.307895,-6.300854,-6.252265,-6.196004,-6.296861
7050.0,-6.109111,-6.272978,-6.150283,-6.265762,-6.33231,-6.191429,-6.189071,-6.285808
7100.0,-5.978114,-6.106453,-6.06766,-6.196263,-6.241051,-6.096444,-6.110437,-6.246657
7150.0,-6.021453,-6.112709,-6.235964,-6.24375,-6.290258,-6.192893,-6.181378,-6.31996
7200.0,-6.223776,-6.391541,-6.373027,-6.403502,-6.457498,-6.392393,-6.353143,-6.472525
7250.0,-6.258762,-6.495586,-6.306317,-6.448104,-6.466701,-6.416226,-6.407862,-6.469215
7300.0,-6.108277,-6.286792,-6.20229,-6.311702,-6.349398,-6.273723,-6.299126,-6.376184
7350.0,-6.089829,-6.241354,-6.275679,-6.30338,-6.379999,-6.299571,-6.292393,-6.438246
7400.0,-6.297658,-6.51464,-6.44301,-6.504529,-6.556262,-6.540662,-6.488527,-6.603296
7450.0,-6.432084,-6.657738,-6.457127,-6.605523,-6.626571,-6.620767,-6.569774,-6.634223
7500.0,-6.30772,-6.466869,-6.325664,-6.464813,-6.534327,-6.442624,-6.437597,-6.521601
7550.0,-6.196836,-6.346202,-6.339744,-6.414707,-6.48908,-6.413214,-6.38568,-6.535913
7600.0,-6.403215,-6.611837,-6.52649,-6.634458,-6.652755,-6.668806,-6.570277,-6.711859
7650.0,-6.644148,-6.855177,-6.603427,-6.792287,-6.819029,-6.794495,-6.717327,-6.778148
7700.0,-6.5545,-6.701837,-6.485732,-6.689761,-6.753412,-6.634603,-6.632116,-6.676751
7750.0,-6.34387,-6.483239,-6.465471,-6.539486,-6.615733,-6.531353,-6.535726,-6.655798
7800.0,-6.487758,-6.728906,-6.633792,-6.682928,-6.743059,-6.75355,-6.695165,-6.830785
7850.0,-6.804001,-7.092928,-6.72537,-6.939676,-6.977547,-6.997133,-6.922952,-6.956135
7900.0,-6.780865,-6.977263,-6.661936,-6.946085,-6.961087,-6.903794,-6.889079,-6.899487
7950.0,-6.521044,-6.667201,-6.605395,-6.729729,-6.799273,-6.713826,-6.71517,-6.850284
8000.0,-6.584375,-6.880331,-6.690639,-6.802083,-6.867151,-6.939153,-6.791703,-6.997648
8050.0,-6.951035,-7.228199,-6.823752,-7.173987,-7.153534,-7.23731,-7.048204,-7.225934
8100.0,-7.0521,-7.113478,-6.850413,-7.297269,-7.272296,-7.147401,-7.080956,-7.251905
8150.0,-6.738043,-6.819582,-6.74358,-6.975646,-7.043144,-6.896242,-6.869289,-7.040149
8200.0,-6.666544,-6.913009,-6.748906,-6.941395,-6.977833,-7.032712,-6.867791,-7.112603
8250.0,-7.092264,-7.211022,-6.958629,-7.398987,-7.340115,-7.350928,-7.131176,-7.401015
8300.0,-7.265337,-7.222503,-7.096098,-7.522396,-7.51058,-7.322226,-7.265081,-7.377507
8350.0,-6.932319,-6.94973,-6.953725,-7.16008,-7.239977,-7.035893,-7.090139,-7.144171
8400.0,-6.765718,-6.899302,-6.872173,-7.052759,-7.063291,-7.055827,-6.979046,-7.180101
8450.0,-7.14204,-7.182087,-7.122272,-7.410764,-7.356855,-7.366797,-7.227963,-7.405005
8500.0,-7.413052,-7.351862,-7.305634,-7.606061,-7.609301,-7.459055,-7.441984,-7.482811
8550.0,-7.173453,-7.138599,-7.142066,-7.343741,-7.428759,-7.212874,-7.298251,-7.319615
8600.0,-6.868346,-6.974159,-7.000953,-7.133206,-7.163705,-7.150609,-7.099621,-7.282278
8650.0,-7.162895,-7.254023,-7.158666,-7.448847,-7.38465,-7.486758,-7.244969,-7.574647
8700.0,-7.617648,-7.508049,-7.392605,-7.812599,-7.806127,-7.645631,-7.519708,-7.801402
8750.0,-7.499318,-7.290905,-7.398488,-7.642094,-7.777011,-7.388548,-7.519392,-7.62632
8800.0,-7.066507,-7.068555,-7.216256,-7.294461,-7.395729,-7.2695,-7.320753,-7.477233
8850.0,-7.300172,-7.243624,-7.254756,-7.613142,-7.551317,-7.523624,-7.335016,-7.760467
8900.0,-7.907516,-7.450006,-7.665853,-8.013313,-8.162665,-7.656838,-7.705394,-7.961329
8950.0,-7.808685,-7.371742,-7.878683,-7.818334,-8.160549,-7.529519,-7.940401,-7.730295
9000.0,-7.259521,-7.191748,-7.541021,-7.420729,-7.62991,-7.398694,-7.685294,-7.582003
9050.0,-7.411881,-7.224071,-7.486108,-7.650853,-7.692375,-7.494502,-7.539955,-7.776145
9100.0,-7.956542,-7.471295,-8.096801,-7.915724,-8.249901,-7.700492,-8.027503,-7.913417
9150.0,-7.887659,-7.623132,-8.249423,-7.769113,-8.239119,-7.792404,-8.309053,-7.788442
9200.0,-7.370775,-7.482737,-7.686922,-7.479573,-7.738882,-7.664483,-7.906737,-7.644361
9250.0,-7.373475,-7.355012,-7.645168,-7.551117,-7.682414,-7.614783,-7.68505,-7.749283
9300.0,-7.829395,-7.681588,-8.132704,-7.770712,-8.101517,-7.898308,-8.086011,-7.937636
9350.0,-7.929199,-8.026026,-8.17617,-7.845001,-8.259452,-8.16159,-8.326127,-8.000616
9400.0,-7.583422,-7.828754,-7.727879,-7.691605,-7.949924,-7.957333,-8.035008,-7.859434
9450.0,-7.402753,-7.512166,-7.620073,-7.623424,-7.731895,-7.811782,-7.744715,-7.878038
9500.0,-7.821765,-7.826495,-7.964717,-7.894983,-8.110364,-8.068959,-7.975706,-8.122378
9550.0,-8.186983,-8.138502,-8.224473,-8.111646,-8.519226,-8.294014,-8.385055,-8.253388
9600.0,-7.941034,-7.945731,-8.001132,-7.946874,-8.294806,-8.088719,-8.33371,-8.049859
9650.0,-7.565664,-7.618303,-7.714073,-7.725009,-7.904709,-7.943304,-7.923759,-7.996684
9700.0,-7.927908,-7.843015,-8.054235,-7.966188,-8.252501,-8.053141,-8.094301,-8.191817
9750.0,-8.38281,-8.187362,-8.529039,-8.114686,-8.699664,-8.326188,-8.66237,-8.336505
9800.0,-8.106171,-8.219243,-8.30079,-8.036118,-8.432242,-8.336753,-8.635937,-8.252739
9850.0,-7.733542,-7.872318,-7.860126,-7.853857,-8.030175,-8.170539,-8.108087,-8.117199
9900.0,-7.952894,-7.928775,-8.166266,-7.98608,-8.248506,-8.153935,-8.245217,-8.281478
9950.0,-8.288524,-8.432455,-8.503926,-8.194603,-8.572375,-8.587875,-8.675179,-8.567324
10000.0,-8.247918,-8.666375,-8.263283,-8.377433,-8.494984,-8.799638,-8.597918,-8.688906
10050.0,-7.941678,-8.190699,-7.909618,-8.188129,-8.189756,-8.464431,-8.193166,-8.400406
10100.0,-7.90073,-8.086106,-8.056449,-8.102626,-8.172914,-8.399458,-8.165319,-8.534834
10150.0,-8.228767,-8.696053,-8.31595,-8.46697,-8.521946,-8.92069,-8.440887,-8.91094
10200.0,-8.466028,-8.88017,-8.336958,-8.789946,-8.744433,-9.077904,-8.588495,-9.01575
10250.0,-8.248986,-8.301943,-8.10423,-8.461523,-8.505746,-8.603745,-8.411474,-8.591849
10300.0,-7.964367,-8.138095,-8.036156,-8.220104,-8.294339,-8.501888,-8.221184,-8.676123
10350.0,-8.273769,-8.635123,-8.354928,-8.619913,-8.675258,-8.919757,-8.468211,-8.996849
10400.0,-8.687269,-8.798435,-8.662035,-8.839735,-9.00273,-9.092168,-8.86209,-9.101248
10450.0,-8.468174,-8.401033,-8.486397,-8.547589,-8.744553,-8.750004,-8.757641,-8.741879
10500.0,-8.064216,-8.13912,-8.178592,-8.305759,-8.420119,-8.520049,-8.35557,-8.672831
10550.0,-8.278097,-8.501394,-8.494706,-8.597093,-8.711527,-8.787801,-8.605704,-9.003276
10600.0,-8.6799,-8.840609,-8.847084,-8.875542,-9.002525,-9.143778,-9.0111,-9.283525
10650.0,-8.574269,-8.65679,-8.645146,-8.780182,-8.844104,-9.001411,-8.863402,-9.053064
10700.0,-8.194908,-8.263939,-8.264647,-8.423937,-8.53353,-8.648329,-8.442034,-8.79946
10750.0,-8.22518,-8.517312,-8.472017,-8.61918,-8.658751,-8.911263,-8.516422,-9.183728
10800.0,-8.645486,-8.909482,-8.805361,-9.048567,-8.958444,-9.37072,-8.818921,-9.515089
10850.0,-8.800454,-8.781715,-8.775518,-9.04177,-9.054321,-9.209415,-8.895773,-9.252579
10900.0,-8.522374,-8.40118,-8.475843,-8.604389,-8.801232,-8.793075,-8.688633,-8.847228
10950.0,-8.318439,-8.549712,-8.498365,-8.707196,-8.75399,-8.962066,-8.565545,-9.173692
11000.0,-8.704898,-8.833624,-8.886018,-9.055795,-9.085519,-9.293328,-8.880617,-9.43689
11050.0,-9.084019,-8.811612,-9.114998,-9.026218,-9.380427,-9.242091,-9.245509,-9.264956
11100.0,-8.81587,-8.565322,-8.861928,-8.708522,-9.111596,-8.994075,-9.112654,-8.923795
11150.0,-8.436185,-8.486477,-8.623723,-8.678491,-8.885111,-8.943575,-8.730174,-9.065955
11200.0,-8.804237,-8.721267,-9.03959,-8.891973,-9.204867,-9.180794,-9.072289,-9.372275
11250.0,-9.194128,-8.941432,-9.340637,-8.989221,-9.498446,-9.401461,-9.549588,-9.436933
11300.0,-8.913424,-8.82391,-8.994098,-8.838599,-9.221104,-9.263004,-9.309643,-9.139347
11350.0,-8.536277,-8.586831,-8.685664,-8.683848,-8.926961,-9.048364,-8.821917,-9.117406
11400.0,-8.738731,-8.758011,-9.086224,-8.828554,-9.08834,-9.346925,-9.066369,-9.506911
11450.0,-9.062815,-9.124133,-9.353168,-9.075317,-9.369091,-9.708644,-9.418107,-9.658114
11500.0,-8.96667,-9.09589,-9.103443,-9.075554,-9.282613,-9.530785,-9.297139,-9.381697
11550.0,-8.655885,-8.752574,-8.774024,-8.844535,-9.02633,-9.196695,-8.931201,-9.21008
11600.0,-8.652025,-8.812914,-8.992875,-8.882922,-9.043493,-9.447621,-8.983342,-9.531633
11650.0,-8.971755,-9.202935,-9.31069,-9.174724,-9.359304,-9.767187,-9.383641,-9.735907
11700.0,-9.063209,-9.257777,-9.266195,-9.244895,-9.476471,-9.685769,-9.531888,-9.555415
11750.0,-8.841786,-8.947297,-8.936399,-9.026527,-9.261873,-9.367042,-9.2008,-9.305113
11800.0,-8.735459,-8.883822,-9.002532,-8.969417,-9.160832,-9.466845,-9.063886,-9.549282
11850.0,-9.015457,-9.263114,-9.380348,-9.235511,-9.489574,-9.836945,-9.467257,-9.871818
11900.0,-9.21727,-9.423166,-9.448787,-9.358225,-9.696635,-9.95805,-9.681848,-9.812024
11950.0,-9.054493,-9.178257,-9.148691,-9.173211,-9.486832,-9.624822,-9.367784,-9.480645
12000.0,-8.870887,-9.018259,-9.099083,-9.076187,-9.325697,-9.560589,-9.207135,-9.635566
12050.0,-9.019781,-9.312969,-9.38775,-9.270302,-9.533386,-9.98766,-9.496212,-10.0009
12100.0,-9.24088,-9.570532,-9.516411,-9.416395,-9.763059,-10.202511,-9.648619,-9.972018
12150.0,-9.200854,-9.399248,-9.342871,-9.321727,-9.711244,-9.833325,-9.511527,-9.677949
12200.0,-9.019074,-9.122315,-9.179371,-9.182981,-9.510038,-9.661324,-9.34674,-9.71044
12250.0,-9.017619,-9.327952,-9.362005,-9.301787,-9.522778,-10.010492,-9.396343,-10.050741
12300.0,-9.251393,-9.630644,-9.626589,-9.489076,-9.768576,-10.166154,-9.608808,-10.113442
12350.0,-9.329753,-9.514396,-9.530035,-9.45586,-9.869131,-9.880668,-9.656699,-9.886801
12400.0,-9.168358,-9.217512,-9.284827,-9.308431,-9.650827,-9.715419,-9.428349,-9.790539
12450.0,-9.074165,-9.324077,-9.390982,-9.358238,-9.55189,-9.939926,-9.377013,-10.118376
12500.0,-9.272116,-9.623541,-9.674709,-9.541414,-9.823511,-10.133515,-9.652448,-10.217991
12550.0,-9.461008,-9.578139,-9.661023,-9.541759,-10.011359,-10.006532,-9.750135,-10.025981
12600.0,-9.35157,-9.338818,-9.410038,-9.424431,-9.830603,-9.801019,-9.523838,-9.879555
12650.0,-9.192942,-9.388236,-9.418308,-9.419686,-9.680639,-9.940645,-9.456841,-10.134771
12700.0,-9.340253,-9.665497,-9.713914,-9.565799,-9.891978,-10.159513,-9.678525,-10.271323
12750.0,-9.599677,-9.676344,-9.816789,-9.621025,-10.137837,-10.104896,-9.788863,-10.135753
12800.0,-9.589119,-9.47968,-9.603421,-9.561528,-10.068853,-9.932973,-9.666446,-9.970853
12850.0,-9.375673,-9.442777,-9.509923,-9.547434,-9.835184,-10.020489,-9.578142,-10.10617
12900.0,-9.423867,-9.66546,-9.797992,-9.641011,-9.967314,-10.173741,-9.702311,-10.283002
12950.0,-9.722973,-9.769091,-9.960044,-9.745775,-10.30803,-10.144164,-9.875168,-10.309289
13000.0,-9.766921,-9.644265,-9.774948,-9.813043,-10.253077,-10.083372,-9.829974,-10.255125
13050.0,-9.524713,-9.546521,-9.627081,-9.754751,-9.922559,-10.122528,-9.66493,-10.261992
13100.0,-9.515224,-9.684669,-9.857991,-9.734626,-10.029499,-10.1955,-9.782546,-10.525819
13150.0,-9.787367,-9.876018,-10.009807,-9.942792,-10.330772,-10.250859,-9.975039,-10.725005
13200.0,-9.842376,-9.81317,-9.855501,-10.035073,-10.240553,-10.221017,-9.893905,-10.554603
13250.0,-9.662367,-9.675676,-9.729152,-9.877591,-9.998408,-10.152426,-9.742969,-10.382964
13300.0,-9.602716,-9.727643,-9.889142,-9.827032,-10.086175,-10.256086,-9.828727,-10.681328
13350.0,-9.797264,-9.960238,-10.040036,-10.056626,-10.300704,-10.369339,-9.950126,-10.822302
13400.0,-9.931612,-9.94895,-9.957459,-10.076479,-10.287069,-10.304771,-9.914296,-10.553535
13450.0,-9.818515,-9.806839,-9.845391,-9.93648,-10.153556,-10.228577,-9.844197,-10.414309
13500.0,-9.701956,-9.789301,-9.911489,-9.902086,-10.1495,-10.312267,-9.901237,-10.694246
13550.0,-9.844283,-10.004725,-10.053368,-10.105819,-10.315966,-10.400707,-10.000969,-10.862724
13600.0,-10.032985,-10.089589,-10.053941,-10.173015,-10.418256,-10.389714,-10.009835,-10.724451
13650.0,-9.934724,-9.96413,-9.960706,-10.070204,-10.294287,-10.351918,-9.958926,-10.567896
13700.0,-9.817054,-9.897291,-9.990136,-10.014989,-10.236843,-10.397793,-9.972474,-10.758337
13750.0,-9.940249,-10.112599,-10.134101,-10.21314,-10.391229,-10.510939,-10.052732,-11.145118
13800.0,-10.057137,-10.272405,-10.151371,-10.337905,-10.440379,-10.566582,-10.076005,-11.029169
13850.0,-10.017103,-10.161321,-10.118916,-10.243386,-10.360726,-10.54168,-10.092173,-10.757156
13900.0,-9.974998,-10.043218,-10.118292,-10.154945,-10.36149,-10.522703,-10.111359,-11.04106
13950.0,-10.013767,-10.240506,-10.205003,-10.309895,-10.439922,-10.65705,-10.129118,-11.426238
14000.0,-10.10419,-10.43903,-10.309122,-10.415385,-10.492184,-10.702225,-10.184778,-11.137306
14050.0,-10.132525,-10.291703,-10.315181,-10.336616,-10.528319,-10.596723,-10.244557,-10.949254
14100.0,-10.126943,-10.149668,-10.270254,-10.278019,-10.53404,-10.56328,-10.244234,-11.271657
14150.0,-10.156326,-10.278537,-10.302577,-10.358291,-10.540561,-10.697277,-10.223949,-11.399982
14200.0,-10.192112,-10.419323,-10.451971,-10.435838,-10.61317,-10.709474,-10.323166,-11.25906
14250.0,-10.230626,-10.31867,-10.45852,-10.405906,-10.636832,-10.603127,-10.366958,-11.23742
14300.0,-10.27445,-10.236449,-10.35742,-10.380762,-10.608451,-10.608272,-10.312377,-11.338956
14350.0,-10.274149,-10.311099,-10.380471,-10.416219,-10.583371,-10.716974,-10.322577,-11.452815
14400.0,-10.263295,-10.432538,-10.518973,-10.498026,-10.643985,-10.732963,-10.406126,-11.484245
14450.0,-10.309405,-10.430641,-10.525047,-10.540375,-10.668751,-10.692021,-10.435623,-11.400554
14500.0,-10.370206,-10.363724,-10.475753,-10.537145,-10.640434,-10.678798,-10.43493,-11.397049
14550.0,-10.388603,-10.386828,-10.485317,-10.542273,-10.644907,-10.730208,-10.450632,-11.48883
14600.0,-10.376312,-10.505701,-10.613928,-10.606009,-10.718559,-10.790927,-10.523165,-11.468365
14650.0,-10.411924,-10.548415,-10.689077,-10.701806,-10.758897,-10.792883,-10.617615,-11.424576
14700.0,-10.484497,-10.499117,-10.633979,-10.715875,-10.746867,-10.770728,-10.5972,-11.429151
14750.0,-10.556951,-10.512388,-10.619381,-10.707244,-10.76643,-10.804988,-10.597807,-11.433671
14800.0,-10.579528,-10.618412,-10.768641,-10.805451,-10.877891,-10.875781,-10.660134,-11.492684
14850.0,-10.579886,-10.676946,-10.851336,-10.939963,-10.911473,-10.91715,-10.738518,-11.551197
14900.0,-10.636569,-10.682746,-10.77524,-10.958753,-10.867196,-10.919066,-10.724741,-11.517982
14950.0,-10.735496,-10.681385,-10.752071,-10.943911,-10.912414,-10.932168,-10.707675,-11.501391
15000.0,-10.755048,-10.755845,-10.88916,-11.006252,-11.012163,-10.996439,-10.755744,-11.582125
15050.0,-10.714614,-10.872577,-10.963085,-11.090829,-11.006887,-11.095332,-10.830094,-11.696476
15100.0,-10.768052,-10.928249,-10.905528,-11.173382,-10.948029,-11.115153,-10.858513,-11.651728
15150.0,-10.821542,-10.889667,-10.893049,-11.14372,-10.987283,-11.067185,-10.8469,-11.587304
15200.0,-10.842781,-10.935499,-11.006593,-11.146672,-11.066409,-11.15943,-10.88467,-11.67347
15250.0,-10.861267,-11.052731,-11.121528,-11.249701,-11.090023,-11.311507,-10.99691,-11.886089
15300.0,-10.891377,-11.084945,-11.099805,-11.370687,-11.037727,-11.28203,-11.05361,-11.821389
15350.0,-10.913514,-11.037317,-11.057878,-11.274708,-11.048727,-11.196095,-11.007963,-11.721199
15400.0,-10.995189,-11.071233,-11.18648,-11.282925,-11.168389,-11.318457,-11.074788,-11.847839
15450.0,-11.067784,-11.163096,-11.333607,-11.430941,-11.256396,-11.474529,-11.199508,-12.089088
15500.0,-11.084316,-11.234032,-11.323215,-11.564241,-11.224509,-11.466305,-11.240561,-12.043695
15550.0,-11.076568,-11.210567,-11.260205,-11.441325,-11.188186,-11.360132,-11.184439,-11.92379
15600.0,-11.146045,-11.203513,-11.362358,-11.430505,-11.302589,-11.446869,-11.220382,-12.001333
15650.0,-11.272613,-11.322591,-11.576634,-11.58999,-11.43568,-11.654419,-11.330761,-12.227055
15700.0,-11.316989,-11.487676,-11.634456,-11.713085,-11.419993,-11.680861,-11.443476,-12.183576
15750.0,-11.260915,-11.470465,-11.529354,-11.622965,-11.346843,-11.533601,-11.454932,-12.018401
15800.0,-11.269201,-11.381499,-11.583746,-11.560084,-11.400076,-11.598936,-11.415977,-12.052371
15850.0,-11.455261,-11.533053,-11.861996,-11.723742,-11.564617,-11.872565,-11.591425,-12.285365
15900.0,-11.598451,-11.745897,-11.976648,-11.906072,-11.639697,-11.930708,-11.86113,-12.325243
15950.0,-11.511375,-11.699743,-11.792493,-11.844249,-11.558841,-11.721491,-11.839669,-12.202183
16000.0,-11.449445,-11.552801,-11.792464,-11.736041,-11.550405,-11.756445,-11.66484,-12.222928
16050.0,-11.688696,-11.690964,-12.126418,-11.908185,-11.773851,-12.049904,-11.847494,-12.474501
16100.0,-11.995665,-11.971007,-12.286546,-12.214953,-11.997078,-12.17646,-12.181545,-12.675881
16150.0,-11.890271,-11.955986,-12.039971,-12.178086,-11.879689,-11.942783,-12.066592,-12.545805
16200.0,-11.651334,-11.759676,-11.915655,-11.985074,-11.747538,-11.902873,-11.810583,-12.460108
16250.0,-11.905303,-11.875717,-12.232035,-12.147561,-12.022108,-12.21374,-11.967819,-12.73749
16300.0,-12.346933,-12.251536,-12.499144,-12.533482,-12.326309,-12.408862,-12.293786,-13.003462
16350.0,-12.267267,-12.354563,-12.35289,-12.560574,-12.238402,-12.271987,-12.307314,-12.889791
16400.0,-11.862529,-12.078588,-12.11307,-12.250938,-11.962864,-12.144632,-12.048535,-12.700462
16450.0,-12.04411,-12.084897,-12.419321,-12.349036,-12.154852,-12.438932,-12.04886,-12.911503
16500.0,-12.638064,-12.546944,-12.870491,-12.857439,-12.579775,-12.796118,-12.511092,-13.269938
16550.0,-12.677718,-12.77741,-12.767312,-13.005496,-12.575687,-12.681439,-12.739466,-13.255101
16600.0,-12.148928,-12.424358,-12.353528,-12.605399,-12.209567,-12.38045,-12.416967,-12.948424
16650.0,-12.153158,-12.261863,-12.548386,-12.526969,-12.269744,-12.582723,-12.249813,-13.059916
16700.0,-12.870776,-12.801021,-13.068048,-13.127893,-12.797851,-13.034822,-12.774405,-13.576049
16750.0,-13.085309,-13.157971,-13.02668,-13.415712,-12.950239,-12.982481,-13.124649,-13.624847
16800.0,-12.521387,-12.797996,-12.577472,-12.986805,-12.555113,-12.592559,-12.763073,-13.218184
16850.0,-12.298338,-12.470667,-12.634405,-12.671087,-12.431426,-12.67718,-12.438253,-13.299887
16900.0,-13.061907,-12.994173,-13.205694,-13.237014,-12.988571,-13.220634,-12.83846,-13.927485
16950.0,-13.514093,-13.550113,-13.426817,-13.691411,-13.339191,-13.348572,-13.312096,-14.088755
17000.0,-12.956949,-13.280548,-13.034782,-13.355058,-12.965811,-12.908491,-13.184821,-13.641836
17050.0,-12.431854,-12.700648,-12.835394,-12.894412,-12.593713,-12.757944,-12.745643,-13.522722
17100.0,-13.136166,-13.088599,-13.524681,-13.319344,-13.088008,-13.365385,-13.008284,-14.120382
17150.0,-13.835218,-13.877506,-14.123618,-13.975176,-13.669862,-13.749805,-13.814496,-14.562338
17200.0,-13.435524,-13.809942,-13.85151,-13.941126,-13.413891,-13.383631,-14.03839,-14.282701
17250.0,-12.655913,-13.094737,-13.416301,-13.397552,-12.822603,-13.013649,-13.502476,-13.909657
17300.0,-13.140406,-13.292627,-14.10516,-13.567691,-13.110778,-13.61072,-13.433144,-14.483734
17350.0,-14.080887,-14.357448,-15.051236,-14.496389,-13.903276,-14.313045,-14.441362,-15.309163
17400.0,-13.946042,-14.650501,-14.964869,-14.78897,-13.902286,-14.125608,-14.937623,-15.133881
17450.0,-13.007513,-13.870115,-14.17456,-14.115933,-13.20933,-13.528464,-14.236395,-14.366168
17500.0,-13.141067,-13.695441,-14.498516,-13.774311,-13.198923,-14.009564,-13.701236,-14.871574
17550.0,-14.256708,-14.954338,-15.563374,-14.74268,-14.098023,-14.915637,-14.670301,-15.979724
17600.0,-14.431982,-15.434251,-15.503547,-15.303852,-14.411314,-14.746083,-15.230732,-15.780123
17650.0,-13.467754,-14.393826,-14.322373,-14.58233,-13.663647,-13.804466,-14.396497,-14.562921
17700.0,-13.131956,-13.723436,-14.18232,-13.794665,-13.276196,-13.970618,-13.499981,-14.767899
17750.0,-14.273515,-14.929006,-15.419076,-14.759944,-14.243426,-14.980664,-14.337722,-16.111053
17800.0,-14.84641,-15.559233,-15.623458,-15.679416,-14.855644,-15.018839,-15.137346,-16.138814
17850.0,-14.0735,-14.661157,-14.438056,-15.102851,-14.225291,-14.056484,-14.6034,-14.815901
17900.0,-13.291264,-13.70032,-14.033992,-13.979373,-13.494953,-13.853336,-13.550951,-14.715032
17950.0,-14.341007,-14.654716,-15.382786,-14.784302,-14.343601,-14.986905,-14.137729,-16.283017
18000.0,-15.382796,-15.625493,-15.889974,-15.982797,-15.301306,-15.459046,-15.203008,-16.57433
18050.0,-14.868883,-15.190965,-14.794023,-15.64492,-14.964739,-14.622877,-14.981045,-15.244033
18100.0,-13.651174,-14.020017,-13.949149,-14.28921,-13.876412,-14.003921,-13.810837,-14.770976
18150.0,-14.446419,-14.554835,-15.158321,-14.734824,-14.416772,-15.285964,-13.958299,-16.352042
18200.0,-15.83752,-16.011452,-16.014014,-16.126503,-15.745801,-16.225987,-15.174652,-16.860478
18250.0,-15.561556,-15.998352,-15.173536,-16.013428,-15.650087,-15.42431,-15.272415,-15.62756
18300.0,-14.066781,-14.538823,-13.993631,-14.614494,-14.339651,-14.185216,-14.134896,-14.751883
18350.0,-14.374071,-14.6159,-14.94765,-14.547107,-14.454905,-15.303822,-13.831643,-16.04291
18400.0,-15.954185,-16.308509,-16.171149,-16.044801,-15.971007,-16.565362,-15.073436,-16.822042
18450.0,-16.033031,-16.509351,-15.678567,-16.379212,-16.205711,-15.892667,-15.560182,-16.048689
18500.0,-14.540408,-15.031408,-14.313456,-15.193393,-14.920995,-14.40986,-14.66336,-14.999144
18550.0,-14.275452,-14.537061,-14.766171,-14.589278,-14.417174,-15.158014,-13.884102,-15.913602
18600.0,-15.951079,-16.181886,-16.257288,-16.08986,-15.967868,-16.590426,-15.008279,-17.123059
18650.0,-16.452596,-16.814027,-16.232428,-16.890936,-16.65403,-16.30552,-15.926023,-16.810061
18700.0,-15.26528,-15.657039,-14.837561,-15.884663,-15.582443,-14.822482,-15.360868,-15.504046
18750.0,-14.291165,-14.568633,-14.691019,-14.68969,-14.494221,-15.084916,-14.134607,-15.84907
18800.0,-15.864613,-16.147121,-16.413979,-15.963282,-15.925814,-16.895902,-14.941346,-17.304772
18850.0,-16.906503,-17.446932,-16.874166,-17.089649,-17.049217,-17.065192,-16.323707,-17.364574
18900.0,-15.885445,-16.62642,-15.524823,-16.293061,-16.219117,-15.493754,-16.075949,-15.97552
18950.0,-14.401619,-14.95222,-14.711175,-14.829296,-14.719323,-15.143696,-14.634386,-15.818266
19000.0,-15.667791,-16.31232,-16.396309,-15.690885,-15.773329,-17.175029,-14.960328,-17.39639
19050.0,-16.946391,-18.027007,-17.34319,-17.090128,-17.225644,-17.654011,-16.635617,-17.89517
19100.0,-16.239872,-17.417942,-16.260696,-16.789369,-16.816142,-16.141332,-16.812616,-16.664727
19150.0,-14.601422,-15.357527,-14.912923,-15.263883,-15.120403,-15.246644,-15.311208,-15.786582
19200.0,-15.211415,-16.171817,-16.38274,-15.472055,-15.505871,-17.241592,-14.999656,-17.321321
19250.0,-16.667323,-18.031729,-17.773489,-17.173417,-17.260769,-18.047473,-16.867262,-18.423258
19300.0,-16.559268,-17.69329,-17.01958,-17.439426,-17.407737,-16.765673,-17.464691,-17.484469
19350.0,-14.931284,-15.635215,-15.211517,-15.903265,-15.736895,-15.284503,-16.019201,-15.927812
19400.0,-14.765586,-15.61542,-16.156759,-15.342656,-15.295834,-16.8815,-15.003293,-17.278855
19450.0,-16.467492,-17.580773,-17.96397,-17.22746,-17.160862,-18.106519,-16.785045,-18.854338
19500.0,-16.869498,-17.864341,-17.573825,-17.991013,-17.84517,-17.173217,-17.630529,-18.086578
19550.0,-15.569874,-16.189299,-15.611589,-16.620268,-16.446546,-15.473314,-16.444392,-16.088542
19600.0,-14.64464,-15.36158,-15.780015,-15.308605,-15.347251,-16.603837,-14.999805,-16.985166
19650.0,-16.178287,-17.354294,-17.760478,-16.981733,-17.135879,-18.245341,-16.426237,-18.837562
19700.0,-17.158695,-18.284247,-17.873757,-18.220482,-18.378249,-17.836425,-17.711038,-18.51479
19750.0,-16.249283,-17.020211,-16.082898,-17.297092,-17.377819,-16.032565,-17.011156,-16.408146
19800.0,-14.744069,-15.424375,-15.451637,-15.482763,-15.633719,-16.303855,-15.254877,-16.623353
19850.0,-15.798216,-16.998702,-17.475659,-16.620317,-16.88172,-18.256371,-15.983443,-18.805266
19900.0,-17.207611,-18.390417,-18.196481,-18.322827,-18.62284,-18.340396,-17.648864,-19.049378
19950.0,-16.783596,-17.548027,-16.751458,-17.885562,-18.146125,-16.637593,-17.527401,-16.934861
20000.0,-15.150611,-15.707814,-15.419051,-15.855716,-16.143448,-16.112152,-15.779767,-16.347054
20050.0,-15.389333,-16.484495,-17.229319,-16.215069,-16.648463,-18.105477,-15.695754,-18.57766
20100.0,-17.104539,-18.225153,-18.570818,-18.130905,-18.756813,-18.768049,-17.542011,-19.361911
20150.0,-17.374214,-18.121903,-17.529699,-18.24504,-18.803087,-17.334118,-17.922728,-17.421974
20200.0,-15.884322,-16.404579,-15.718933,-16.414668,-16.856899,-16.033333,-16.485876,-16.141975
20250.0,-15.245326,-16.117203,-16.879508,-15.858154,-16.364257,-17.915405,-15.476429,-18.06617
20300.0,-17.125947,-18.163273,-18.648549,-17.686237,-18.609673,-19.281456,-17.233727,-19.23831
20350.0,-18.026441,-18.885169,-18.123461,-18.473302,-19.314735,-18.253533,-18.161665,-17.871269
20400.0,-16.814199,-17.40461,-16.13493,-17.035499,-17.636081,-16.378404,-17.048281,-16.204008
20450.0,-15.361757,-16.154468,-16.419823,-15.712739,-16.308264,-17.814596,-15.498772,-17.501742
20500.0,-17.026479,-18.198041,-18.455007,-17.228525,-18.485388,-19.755545,-16.879422,-19.153703
20550.0,-18.383388,-19.449378,-18.576207,-18.528715,-19.747626,-19.145332,-18.329744,-18.498787
20600.0,-17.630848,-18.324289,-16.769144,-17.736821,-18.446116,-16.915683,-17.784221,-16.670563
20650.0,-15.717828,-16.339942,-16.061069,-15.98079,-16.469738,-17.503275,-15.929767,-17.180123
20700.0,-16.793924,-17.840782,-18.151064,-16.825683,-18.05423,-19.761618,-16.61597,-19.227558
20750.0,-18.609249,-19.515245,-19.061245,-18.557488,-19.736434,-19.682318,-18.554357,-19.327557
20800.0,-18.321683,-18.858179,-17.724903,-18.43539,-18.921433,-17.393972,-18.603467,-17.451361
20850.0,-16.27747,-16.675606,-16.171518,-16.611148,-16.740717,-17.045407,-16.690072,-16.984765
20900.0,-16.490289,-17.438854,-17.968585,-16.550578,-17.484669,-19.356432,-16.501991,-19.166212
20950.0,-18.536175,-19.530143,-19.506112,-18.573985,-19.448527,-19.856099,-18.666297,-19.965843
21000.0,-18.7599,-19.530495,-18.627073,-19.157675,-19.240113,-17.868528,-19.083799,-18.325397
21050.0,-16.905381,-17.360274,-16.529219,-17.525294,-17.144968,-16.713795,-17.342988,-16.962939
21100.0,-16.230854,-17.145008,-17.656134,-16.493881,-16.939374,-18.917846,-16.31456,-18.96146
21150.0,-18.233744,-19.496638,-19.520224,-18.487237,-19.005822,-20.036008,-18.316913,-20.392235
21200.0,-18.95685,-20.071869,-19.106254,-19.616185,-19.424188,-18.445131,-19.18021,-19.220554
21250.0,-17.483657,-18.134178,-16.892784,-18.41539,-17.684991,-16.713261,-17.853322,-17.231018
21300.0,-16.15594,-16.913013,-17.143669,-16.638689,-16.650031,-18.508072,-16.236477,-18.713281
21350.0,-17.868104,-19.081573,-19.118818,-18.185022,-18.503073,-19.998418,-17.797213,-20.584299
21400.0,-18.947878,-19.961983,-19.246408,-19.702361,-19.429308,-18.809802,-19.071059,-19.922797
21450.0,-17.97951,-18.410421,-17.266591,-19.003571,-18.136801,-16.763678,-18.205599,-17.561332
21500.0,-16.318386,-16.688842,-16.662401,-16.870254,-16.609415,-17.73836,-16.335497,-18.230188
21550.0,-17.358499,-18.26522,-18.566624,-17.704611,-17.927912,-19.295387,-17.238276,-20.190749
21600.0,-18.802011,-19.413313,-19.173889,-19.431127,-19.252558,-18.682837,-18.773578,-20.111486
21650.0,-18.3968,-18.438933,-17.61752,-19.245081,-18.558958,-16.774733,-18.373496,-17.791286
21700.0,-16.620727,-16.618211,-16.466523,-17.194719,-16.785411,-17.011137,-16.526645,-17.615985
21750.0,-16.88182,-17.507882,-18.112668,-17.278132,-17.425676,-18.602258,-16.729228,-19.592846
21800.0,-18.495776,-18.899365,-19.059324,-19.101336,-18.96115,-18.648576,-18.250114,-20.021688
21850.0,-18.535907,-18.597704,-17.923028,-19.409995,-18.832817,-17.083216,-18.205731,-18.071248
21900.0,-17.033238,-16.902257,-16.436095,-17.651291,-17.142896,-16.658736,-16.6892,-17.175501
21950.0,-16.54223,-16.971356,-17.479269,-16.932372,-16.987387,-18.153332,-16.249648,-18.902218
22000.0,-18.063045,-18.417415,-18.607591,-18.587671,-18.612885,-18.80662,-17.549443,-19.740879
22050.0,-18.588515,-18.69593,-18.082966,-19.175586,-19.012278,-17.584022,-17.95057,-18.35632
22100.0,-17.513427,-17.346051,-16.61963,-17.927026,-17.615557,-16.641184,-16.935212,-16.95196
22150.0,-16.457585,-16.74905,-16.902854,-16.750731,-16.902151,-17.747038,-16.096087,-18.125524
22200.0,-17.661959,-17.886333,-18.089169,-17.866737,-18.386571,-18.698452,-16.98723,-19.212402
22250.0,-18.646057,-18.595068,-18.230994,-18.758705,-19.19416,-18.002187,-17.728859,-18.494208
22300.0,-17.988975,-17.813427,-17.015101,-18.182421,-18.123542,-16.787052,-17.209888,-16.997183
22350.0,-16.614337,-16.770133,-16.680553,-16.878967,-16.980033,-17.239084,-16.223807,-17.630594
22400.0,-17.359775,-17.458506,-17.766361,-17.349944,-18.106444,-18.430581,-16.644305,-18.856439
22450.0,-18.609504,-18.535067,-18.422486,-18.462917,-19.122934,-18.388242,-17.627462,-18.817323
22500.0,-18.281771,-18.211119,-17.575262,-18.48325,-18.430805,-17.177943,-17.623519,-17.384394
22550.0,-16.819535,-16.951936,-16.728341,-17.257224,-17.151613,-17.144766,-16.585666,-17.322162
22600.0,-16.978151,-17.150164,-17.646477,-17.156256,-17.810701,-18.450841,-16.434025,-18.640561
22650.0,-18.294619,-18.385205,-18.674966,-18.409117,-18.836841,-18.790573,-17.514323,-19.035749
22700.0,-18.295987,-18.402002,-18.079739,-18.736306,-18.492589,-17.634157,-17.838667,-17.836169
22750.0,-17.0378,-17.170328,-16.88896,-17.593112,-17.349023,-17.194322,-16.935843,-17.247838
22800.0,-16.686001,-17.0147,-17.415704,-17.061105,-17.497931,-18.267354,-16.406358,-18.280484
22850.0,-17.852634,-18.176423,-18.57582,-18.162603,-18.444028,-18.707703,-17.303565,-18.88097
22900.0,-18.177551,-18.487177,-18.354741,-18.712349,-18.417902,-17.76,-17.841708,-18.093481
22950.0,-17.24087,-17.44632,-17.101754,-17.919952,-17.543977,-17.129883,-17.212601,-17.274255
23000.0,-16.661802,-16.902392,-17.161176,-17.104781,-17.361086,-17.891488,-16.521344,-17.955316
23050.0,-17.559566,-17.784888,-18.308334,-17.874937,-18.070028,-18.419778,-17.123927,-18.646182
23100.0,-18.077409,-18.273142,-18.471967,-18.696179,-18.310603,-17.888976,-17.801007,-18.354352
23150.0,-17.429209,-17.617517,-17.408453,-18.248249,-17.730828,-17.228529,-17.43347,-17.50645
23200.0,-16.707422,-16.919545,-17.09705,-17.287755,-17.397855,-17.599177,-16.75191,-17.791264
23250.0,-17.268794,-17.531066,-18.005538,-17.765809,-17.813021,-18.124558,-17.114408,-18.447415
23300.0,-17.738357,-18.086248,-18.256336,-18.515545,-18.044435,-18.008786,-17.696493,-18.346828
23350.0,-17.239321,-17.692907,-17.454887,-18.182152,-17.71897,-17.448595,-17.442428,-17.71478
23400.0,-16.679438,-17.055685,-17.065292,-17.4191,-17.451478,-17.573663,-16.919098,-17.737667
23450.0,-16.898222,-17.258638,-17.656751,-17.54512,-17.487836,-17.907259,-16.965718,-18.05838
23500.0,-17.135182,-17.701374,-17.848239,-17.997167,-17.599347,-17.938361,-17.276394,-18.012648
23550.0,-16.961213,-17.619476,-17.41792,-17.875417,-17.552716,-17.582286,-17.230089,-17.819745
23600.0,-16.683421,-17.174879,-17.037943,-17.431621,-17.399153,-17.467917,-16.984071,-17.649327
23650.0,-16.615132,-17.109518,-17.225576,-17.176906,-17.22009,-17.617768,-16.849341,-17.627413
23700.0,-16.792395,-17.446394,-17.481733,-17.431124,-17.330829,-17.749326,-16.965194,-17.783033
23750.0,-16.888652,-17.505023,-17.466163,-17.58146,-17.523054,-17.596848,-17.090382,-17.945353
23800.0,-16.810669,-17.283576,-17.201335,-17.437802,-17.516141,-17.370031,-17.020802,-17.771187
23850.0,-16.738656,-17.215647,-17.257208,-17.219355,-17.376407,-17.394699,-16.942005,-17.681821
23900.0,-16.807972,-17.38153,-17.432105,-17.33696,-17.375892,-17.569706,-16.959888,-17.833563
23950.0,-16.881205,-17.407691,-17.562949,-17.523083,-17.527914,-17.663234,-17.097259,-18.125016
24000.0,-16.998541,-17.49909,-17.60278,-17.658348,-17.778973,-17.625593,-17.281985,-18.200826
24050.0,-17.014806,-17.564835,-17.53091,-17.602331,-17.731254,-17.596736,-17.31583,-18.082158
24100.0,-16.963911,-17.56336,-17.553883,-17.515742,-17.563468,-17.65459,-17.21102,-18.14067
24150.0,-16.984842,-17.526453,-17.694304,-17.584855,-17.600973,-17.815557,-17.233178,-18.449025
24200.0,-17.191343,-17.713511,-17.93777,-17.83644,-17.906951,-17.996731,-17.492225,-18.733496
24250.0,-17.42067,-18.081988,-18.042194,-18.104074,-18.131071,-18.027711,-17.748463,-18.752153
24300.0,-17.435246,-18.100044,-17.892974,-18.034914,-17.952089,-17.903929,-17.674679,-18.592959
24350.0,-17.284939,-17.871677,-17.96498,-17.85655,-17.769211,-18.085209,-17.486943,-18.762777
24400.0,-17.45135,-18.109333,-18.44829,-18.138753,-18.118067,-18.529424,-17.750716,-19.321091
24450.0,-17.936017,-18.694365,-18.667076,-18.656325,-18.604294,-18.632078,-18.182204,-19.370552
24500.0,-17.98633,-18.741591,-18.304717,-18.567717,-18.428404,-18.296538,-18.132586,-18.810771
24550.0,-17.552494,-18.21691,-18.097542,-18.09,-17.963648,-18.329841,-17.67329,-18.822103
24600.0,-17.644222,-18.397727,-18.602264,-18.335359,-18.259276,-18.951405,-17.857864,-19.445794
24650.0,-18.266385,-19.088252,-18.870787,-18.961059,-18.862408,-19.158827,-18.397187,-19.49243
24700.0,-18.373315,-19.069972,-18.498367,-18.905841,-18.728673,-18.54863,-18.331694,-18.882075
24750.0,-17.805037,-18.391703,-18.141755,-18.327977,-18.103508,-18.394672,-17.799619,-18.788674
24800.0,-17.711749,-18.36554,-18.456152,-18.385009,-18.24759,-19.02691,-17.826603,-19.361033
24850.0,-18.359163,-19.034766,-18.829313,-18.991363,-18.911887,-19.304216,-18.384903,-19.600154
24900.0,-18.643398,-19.201739,-18.650743,-19.082461,-19.045723,-18.712962,-18.485218,-19.159123
24950.0,-18.162018,-18.657635,-18.269032,-18.613403,-18.4817,-18.411986,-18.023749,-18.849557
25000.0,-17.88011,-18.381162,-18.424392,-18.420919,-18.323237,-19.022341,-17.854297,-19.326389
25050.0,-18.558744,-19.001443,-18.888297,-18.930531,-18.993478,-19.433229,-18.36721,-19.725876
25100.0,-19.086587,-19.40645,-18.96844,-19.198971,-19.426569,-18.983022,-18.656244,-19.470437
25150.0,-18.643561,-18.959416,-18.504024,-18.831403,-18.924174,-18.530488,-18.25974,-18.993149
25200.0,-18.081893,-18.391319,-18.391837,-18.439668,-18.506128,-19.00671,-17.935587,-19.243272
25250.0,-18.644176,-18.882969,-18.779199,-18.723351,-19.126899,-19.505656,-18.239119,-19.566073
25300.0,-19.191755,-19.413254,-19.078365,-19.071395,-19.650038,-19.209142,-18.4948,-19.631968
25350.0,-18.830341,-19.152318,-18.800535,-19.012292,-19.195958,-18.659757,-18.31638,-19.239026
25400.0,-18.219874,-18.482682,-18.545349,-18.63095,-18.680758,-18.880908,-18.094173,-19.216958
25450.0,-18.46418,-18.673732,-18.817211,-18.679876,-19.022038,-19.439876,-18.154135,-19.680203
25500.0,-18.913362,-19.243708,-19.387148,-19.067623,-19.454728,-19.472888,-18.404576,-20.147544
25550.0,-18.891191,-19.368788,-19.395583,-19.364156,-19.414593,-19.049587,-18.655867,-20.013572
25600.0,-18.437634,-18.854843,-19.040668,-19.202478,-19.030695,-19.000824,-18.680347,-19.856506
25650.0,-18.304953,-18.712369,-19.17858,-19.073039,-19.07077,-19.506153,-18.557298,-20.293151
25700.0,-18.746216,-19.271448,-19.922034,-19.436297,-19.49109,-19.971831,-18.753843,-21.17307
25750.0,-19.101468,-19.768947,-20.22949,-20.01551,-19.8606,-19.789971,-19.427712,-21.20905
25800.0,-18.847011,-19.456892,-19.855122,-20.079292,-19.60705,-19.526189,-19.620932,-20.592122
25850.0,-18.474659,-19.094483,-19.698646,-19.708466,-19.285039,-19.903581,-19.20685,-20.677881
25900.0,-18.774393,-19.552367,-20.44903,-19.736527,-19.647734,-20.692171,-19.242965,-21.676967
25950.0,-19.399558,-20.289886,-21.028536,-20.467573,-20.173629,-20.657432,-20.057176,-21.895755
26000.0,-19.411136,-20.294437,-20.790604,-20.825899,-20.109401,-20.142038,-20.38107,-21.143191
26050.0,-18.917644,-19.752754,-20.398258,-20.350291,-19.626498,-20.112447,-19.894946,-20.893234
26100.0,-18.927642,-19.915043,-21.021518,-20.103749,-19.705874,-20.878416,-19.593258,-21.97879
26150.0,-19.737373,-20.73528,-21.961834,-20.905348,-20.400345,-21.273336,-20.321729,-22.771386
26200.0,-20.120806,-21.082269,-22.042133,-21.555796,-20.62133,-20.848322,-21.074154,-22.239211
26250.0,-19.515374,-20.633635,-21.294274,-21.096244,-20.087144,-20.543139,-20.776039,-21.288543
26300.0,-19.191185,-20.390818,-21.323901,-20.412948,-19.928452,-21.272251,-20.047188,-22.241433
26350.0,-20.026799,-21.176881,-22.490023,-21.175105,-20.651814,-22.154139,-20.647949,-23.628182
26400.0,-20.580481,-21.966753,-22.939796,-22.158328,-21.13654,-21.825011,-21.79011,-23.068797
26450.0,-20.083064,-21.648102,-21.892784,-21.668993,-20.678257,-20.94877,-21.568462,-21.463584
26500.0,-19.47014,-20.859504,-21.358988,-20.5281,-20.156355,-21.459562,-20.404304,-22.237171
